Villiers,1629,2,Parc de Monceau - 75117,(NATION <-> PORTE DAUPHINE) - Aller
Villiers,1630,3,Parc de Monceau - 75117,(GALLIENI <-> PONT DE LEVALLOIS - BECON) - Aller
Volontaires,1632,12,25 rue des Volontaires - 75115,(MAIRIE D'ISSY <-> FRONT POPULAIRE) - Aller
Voltaire (Léon Blum),1633,9,Boulevard Voltaire - 75111,(PONT DE SEVRES <-> MAIRIE DE MONTREUIL) - Aller
Wagram,1634,3,Place Monseigneur Loutil - 75117,(GALLIENI <-> PONT DE LEVALLOIS - BECON) - Aller
Danube,1635,7B,9 place Rhin et Danube - 75119,(PRE-SAINT-GERVAIS <-> LOUIS BLANC) - Aller
Trocadéro,1637,9,Place du Trocédéro - 75116,(PONT DE SEVRES <-> MAIRIE DE MONTREUIL) - Aller
Varenne,1638,13,13 boulevard des Invalides - 75107,(CHATILLON - MONTROUGE <-> ST-DENIS-UNIVERSITE/LES COURTILLES) - Aller
Villejuif-Léo Lagrange,1639,7,Rue du Dauphin - 94076,(LA COURNEUVE - 8 MAI 1945 <-> VILLEJUIF-L. ARAGON / MAIRIE D'IVRY) - Aller
Saint-Jacques,1640,6,Terre-plein face au 46 boulevard Saint-Jacques - 75114,(NATION <-> CHARLES DE GAULLE - ETOILE) - Aller
Saint-Marcel,1641,5,La Pitié-Salpêtrière - 75113,(BOBIGNY - PABLO PICASSO <-> PLACE D'ITALIE) - Aller
Saint-Paul (Le Marais),1642,1,Rivoli (terre plein face au 10 rue de) - 75104,(CHATEAU DE VINCENNES <-> LA DEFENSE) - Aller
Quai de la Gare,1644,6,Quai de la Gare - 75113,(NATION <-> CHARLES DE GAULLE - ETOILE) - Aller
Raspail,1645,4,Boulevard Edgard Quinet - 75114,(PORTE DE CLIGNANCOURT <-> MAIRIE DE MONTROUGE) - Aller
Rennes,1646,12,Terre-plein face au 78 boulevard Raspail - 75106,(MAIRIE D'ISSY <-> FRONT POPULAIRE) - Aller
République,1647,9,Av de la République - 75111,(PONT DE SEVRES <-> MAIRIE DE MONTREUIL) - Aller
Place d'Italie,1648,7,Place d' Italie - 75113,(LA COURNEUVE - 8 MAI 1945 <-> VILLEJUIF-L. ARAGON / MAIRIE D'IVRY) - Aller
Place Monge (Jardin des Plantes),1649,7,Arènes de Lutèce - 75105,(LA COURNEUVE - 8 MAI 1945 <-> VILLEJUIF-L. ARAGON / MAIRIE D'IVRY) - Aller
Nation,1651,9,Terre-plein face au 3 place de la Nation - 75112,(PONT DE SEVRES <-> MAIRIE DE MONTREUIL) - Aller
Odéon,1653,10,Carrefour de l' Odéon - 75106,(BOULOGNE - PONT DE SAINT CLOUD <-> GARE D'AUSTERLITZ) - Aller
Marcadet-Poissonniers,1655,4,88 boulevard Barbès - 75118,(PORTE DE CLIGNANCOURT <-> MAIRIE DE MONTROUGE) - Aller
La Fourche,1656,13,Avenue de Clichy - 75117,(CHATILLON - MONTROUGE <-> ST-DENIS-UNIVERSITE/LES COURTILLES) - Aller
La Motte-Picquet-Grenelle,1657,6,Face au 130-113 boulevard de Grenelle - 75115,(NATION <-> CHARLES DE GAULLE - ETOILE) - Aller
Gambetta,1659,3B,Père-Lachaise - 75120,(PORTE DES LILAS <-> GAMBETTA) - Aller
Ségur,1661,10,UNESCO - Miollis - 75115,(BOULOGNE - PONT DE SAINT CLOUD <-> GARE D'AUSTERLITZ) - Aller
Sentier,1662,3,97 rue Réaumur - 75102,(GALLIENI <-> PONT DE LEVALLOIS - BECON) - Aller
Sèvres-Lecourbe,1665,6,Terre-plein face au 94 boulevard Garibaldi - 75115,(NATION <-> CHARLES DE GAULLE - ETOILE) - Aller
Sèvres-Babylone,1666,10,Square Boucicaut - 75107,(BOULOGNE - PONT DE SAINT CLOUD <-> GARE D'AUSTERLITZ) - Aller
Sèvres-Babylone,1667,12,Square Boucicaut - 75107,(MAIRIE D'ISSY <-> FRONT POPULAIRE) - Aller
Simplon,1668,4,38 boulevard Ornano - 75118,(PORTE DE CLIGNANCOURT <-> MAIRIE DE MONTROUGE) - Aller
Solférino,1669,12,Rue de Solférino - 75107,(MAIRIE D'ISSY <-> FRONT POPULAIRE) - Aller
Stalingrad,1674,2,Bassin de la Villette - 75119,(NATION <-> PORTE DAUPHINE) - Aller
Stalingrad,1675,5,Bassin de la Villette - 75119,(BOBIGNY - PABLO PICASSO <-> PLACE D'ITALIE) - Aller
Stalingrad,1676,7,Bassin de la Villette - 75119,(LA COURNEUVE - 8 MAI 1945 <-> VILLEJUIF-L. ARAGON / MAIRIE D'IVRY) - Aller
Strasbourg-Saint-Denis,1677,4,Porte Saint-Martin - 75102,(PORTE DE CLIGNANCOURT <-> MAIRIE DE MONTROUGE) - Aller
Strasbourg-Saint-Denis,1678,9,Porte Saint-Martin - 75102,(PONT DE SEVRES <-> MAIRIE DE MONTREUIL) - Aller
Sully-Morland,1681,7,Préfecture de Paris - 75104,(LA COURNEUVE - 8 MAI 1945 <-> VILLEJUIF-L. ARAGON / MAIRIE D'IVRY) - Aller
Télégraphe,1682,11,Rue de Belleville - 75120,(MAIRIE DES LILAS <-> CHATELET) - Aller
Temple,1683,3,Rue du Temple - 75103,(GALLIENI <-> PONT DE LEVALLOIS - BECON) - Aller
Ternes,1684,2,Salle Pleyel - 75117,(NATION <-> PORTE DAUPHINE) - Aller
Tolbiac,1685,7,Avenue d'Italie - 75113,(LA COURNEUVE - 8 MAI 1945 <-> VILLEJUIF-L. ARAGON / MAIRIE D'IVRY) - Aller
Trinité-d'Estienne d'Orves,1686,12,50 rue de Chateaudun - 75109,(MAIRIE D'ISSY <-> FRONT POPULAIRE) - Aller
Trocadéro,1687,6,Place du Trocédéro - 75116,(NATION <-> CHARLES DE GAULLE - ETOILE) - Aller
Tuileries,1688,1,210 rue de Rivoli - 75101,(CHATEAU DE VINCENNES <-> LA DEFENSE) - Aller
Vaneau,1690,10,97 rue de Sèvres - 75107,(BOULOGNE - PONT DE SAINT CLOUD <-> GARE D'AUSTERLITZ) - Aller
Vaugirard (Adolphe Chérioux),1691,12,Square de Vergenne - 75115,(MAIRIE D'ISSY <-> FRONT POPULAIRE) - Aller
Vavin,1692,4,108 boulevard du Montparnasse - 75106,(PORTE DE CLIGNANCOURT <-> MAIRIE DE MONTROUGE) - Aller
Victor Hugo,1694,2,4 place Victor Hugo - 75116,(NATION <-> PORTE DAUPHINE) - Aller
Villejuif-Louis Aragon,1695,7,Boulevard Maxime Gorky - 94076,(LA COURNEUVE - 8 MAI 1945 <-> VILLEJUIF-L. ARAGON / MAIRIE D'IVRY) - Aller
Villejuif-Paul Vaillant Couturier (Hôpital Paul Brousse),1696,7,Boulevard Maxime Gorky - 94076,(LA COURNEUVE - 8 MAI 1945 <-> VILLEJUIF-L. ARAGON / MAIRIE D'IVRY) - Aller
Reuilly-Diderot,1698,1,Boulevard Diderot - 75112,(CHATEAU DE VINCENNES <-> LA DEFENSE) - Aller
Richard-Lenoir,1700,5,Boulevard Richar Lenoir - 75111,(BOBIGNY - PABLO PICASSO <-> PLACE D'ITALIE) - Aller
Richelieu-Drouot,1702,9,Rue Marivaux - 75109,(PONT DE SEVRES <-> MAIRIE DE MONTREUIL) - Aller
Riquet,1703,7,Avenue de Flandre - 75119,(LA COURNEUVE - 8 MAI 1945 <-> VILLEJUIF-L. ARAGON / MAIRIE D'IVRY) - Aller
Robespierre,1704,9,185 rue de Paris - 93048,(PONT DE SEVRES <-> MAIRIE DE MONTREUIL) - Aller
Rome,1707,2,60 boulevard des Batignolles - 75117,(NATION <-> PORTE DAUPHINE) - Aller
Rue de la Pompe (Avenue Georges Mandel),1708,9,56 avenue Georges Mandel - 75116,(PONT DE SEVRES <-> MAIRIE DE MONTREUIL) - Aller
Rue des Boulets,1709,9,232 boulevard Voltaire - 75111,(PONT DE SEVRES <-> MAIRIE DE MONTREUIL) - Aller
Rue du Bac,1710,12,Terre-plein face au 2 boulevard Raspail - 75107,(MAIRIE D'ISSY <-> FRONT POPULAIRE) - Aller
Grands Boulevards,1712,9,Musée Grévin - 75109,(PONT DE SEVRES <-> MAIRIE DE MONTREUIL) - Aller
Saint-Ambroise,1714,9,86 boulevard Voltaire - 75111,(PONT DE SEVRES <-> MAIRIE DE MONTREUIL) - Aller
Saint-Augustin,1715,9,Église Saint-Augustin - 75108,(PONT DE SEVRES <-> MAIRIE DE MONTREUIL) - Aller
Basilique de Saint-Denis,1716,13,Place du Cacquet - 93066,(CHATILLON - MONTROUGE <-> ST-DENIS-UNIVERSITE/LES COURTILLES) - Aller
Saint-Denis - Porte de Paris,1717,13,Stade de France - 93066,(CHATILLON - MONTROUGE <-> ST-DENIS-UNIVERSITE/LES COURTILLES) - Aller
Saint-Fargeau,1718,3B,112 avenue Gambetta - 75120,(PORTE DES LILAS <-> GAMBETTA) - Aller
Saint-François-Xavier,1719,13,Avenue de Villars - 75107,(CHATILLON - MONTROUGE <-> ST-DENIS-UNIVERSITE/LES COURTILLES) - Aller
Saint-Georges,1720,12,Place Saint-Georges - 75109,(MAIRIE D'ISSY <-> FRONT POPULAIRE) - Aller
Saint-Germain des Prés,1721,4,Ecole des Beaux Arts - 75106,(PORTE DE CLIGNANCOURT <-> MAIRIE DE MONTROUGE) - Aller
Saint-Lazare,1722,3,Rue de l' Arcade - 75108,(GALLIENI <-> PONT DE LEVALLOIS - BECON) - Aller
Saint-Lazare,1723,12,Rue de l' Arcade - 75108,(MAIRIE D'ISSY <-> FRONT POPULAIRE) - Aller
Saint-Lazare,1724,13,Rue de l' Arcade - 75108,(CHATILLON - MONTROUGE <-> ST-DENIS-UNIVERSITE/LES COURTILLES) - Aller
Saint-Mandé,1725,1,180 avenue Galliéni - 94067,(CHATEAU DE VINCENNES <-> LA DEFENSE) - Aller
Rue Saint-Maur,1728,3,Avenue de la République - 75111,(GALLIENI <-> PONT DE LEVALLOIS - BECON) - Aller
Saint-Michel,1729,4,Place Saint-Michel - 75105,(PORTE DE CLIGNANCOURT <-> MAIRIE DE MONTROUGE) - Aller
Saint-Philippe du Roule,1730,9,69 avenue Franklin D. Roosevelt - 75108,(PONT DE SEVRES <-> MAIRIE DE MONTREUIL) - Aller
Saint-Placide,1731,4,Rue de Rennes - 75106,(PORTE DE CLIGNANCOURT <-> MAIRIE DE MONTROUGE) - Aller
Saint-Sulpice,1733,4,Rue de Rennes - 75106,(PORTE DE CLIGNANCOURT <-> MAIRIE DE MONTROUGE) - Aller
Porte d'Ivry,1734,7,Avenue d'Ivry - 75113,(LA COURNEUVE - 8 MAI 1945 <-> VILLEJUIF-L. ARAGON / MAIRIE D'IVRY) - Aller
Porte d'Orléans (Général Leclerc),1735,4,Rue de la Légion Etrangère - 75114,(PORTE DE CLIGNANCOURT <-> MAIRIE DE MONTROUGE) - Aller
Porte Dauphine (Maréchal de Lattre de Tassigny),1736,2,Boulevard Amiral Bruix - 75116,(NATION <-> PORTE DAUPHINE) - Aller
Porte de Bagnolet,1737,3,Rue de la Py - 75120,(GALLIENI <-> PONT DE LEVALLOIS - BECON) - Aller
Porte de Champerret,1738,3,Place Stuart-Merrill - 75117,(GALLIENI <-> PONT DE LEVALLOIS - BECON) - Aller
Porte de Choisy,1740,7,130 boulevard Masséna - 75113,(LA COURNEUVE - 8 MAI 1945 <-> VILLEJUIF-L. ARAGON / MAIRIE D'IVRY) - Aller
Porte de Clichy,1741,13,2 avenue de la Porte de Clichy - 75117,(CHATILLON - MONTROUGE <-> ST-DENIS-UNIVERSITE/LES COURTILLES) - Aller
Porte de Clignancourt,1742,4,Rue Belliard - 75118,(PORTE DE CLIGNANCOURT <-> MAIRIE DE MONTROUGE) - Aller
Porte de la Chapelle,1743,12,Rue Raymond Queneau - 75118,(MAIRIE D'ISSY <-> FRONT POPULAIRE) - Aller
Porte de la Villette,1744,7,Cité des Sciences - La Géode - Le Zénith - 75119,(LA COURNEUVE - 8 MAI 1945 <-> VILLEJUIF-L. ARAGON / MAIRIE D'IVRY) - Aller
Porte de Montreuil,1745,9,Rue d'Avron - 75120,(PONT DE SEVRES <-> MAIRIE DE MONTREUIL) - Aller
Porte de Pantin,1746,5,Avenue Jean Jaurès - 75119,(BOBIGNY - PABLO PICASSO <-> PLACE D'ITALIE) - Aller
Porte de Saint-Cloud,1747,9,Place de la Porte de Saint-Cloud - 75116,(PONT DE SEVRES <-> MAIRIE DE MONTREUIL) - Aller
Porte de Saint-Ouen,1748,13,Rue Liebniz - 75118,(CHATILLON - MONTROUGE <-> ST-DENIS-UNIVERSITE/LES COURTILLES) - Aller
Porte de Vanves,1749,13,9 boulevard Brune - 75114,(CHATILLON - MONTROUGE <-> ST-DENIS-UNIVERSITE/LES COURTILLES) - Aller
Porte de Versailles,1750,12,Palais des Sports - 75115,(MAIRIE D'ISSY <-> FRONT POPULAIRE) - Aller
Porte de Vincennes,1751,1,99 Cours de Vincennes - 75120,(CHATEAU DE VINCENNES <-> LA DEFENSE) - Aller
Porte des Lilas,1752,3B,Rue de Belleville - 75120,(PORTE DES LILAS <-> GAMBETTA) - Aller
Porte des Lilas,1753,11,Rue de Belleville - 75120,(MAIRIE DES LILAS <-> CHATELET) - Aller
Porte Maillot,1755,1,Palais des Congrès - 75117,(CHATEAU DE VINCENNES <-> LA DEFENSE) - Aller
Pré-Saint-Gervais,1756,7B,52 boulevard Serrurier - 75119,(PRE-SAINT-GERVAIS <-> LOUIS BLANC) - Aller
Pyramides,1757,7,Rue de l'Echelle - 75101,(LA COURNEUVE - 8 MAI 1945 <-> VILLEJUIF-L. ARAGON / MAIRIE D'IVRY) - Aller
Pyrénées,1758,11,401 rue des Pyrénées - 75120,(MAIRIE DES LILAS <-> CHATELET) - Aller
Quai de la Rapée,1759,5,Quai de la Rapée - 75112,(BOBIGNY - PABLO PICASSO <-> PLACE D'ITALIE) - Aller
Quatre Septembre,1760,3,20 rue du Quatre Septembre - 75102,(GALLIENI <-> PONT DE LEVALLOIS - BECON) - Aller
Rambuteau,1761,11,Centre Georges Pompidou - 75104,(MAIRIE DES LILAS <-> CHATELET) - Aller
Ranelagh,1762,9,48 avenue Mozart - 75116,(PONT DE SEVRES <-> MAIRIE DE MONTREUIL) - Aller
Raspail,1763,6,Boulevard Edgard Quinet - 75114,(NATION <-> CHARLES DE GAULLE - ETOILE) - Aller
Réaumur-Sébastopol,1764,4,Square Emile Chantemps - 75102,(PORTE DE CLIGNANCOURT <-> MAIRIE DE MONTROUGE) - Aller
Réaumur-Sébastopol,1765,3,Square Emile Chantemps - 75102,(GALLIENI <-> PONT DE LEVALLOIS - BECON) - Aller
République,1766,3,Av de la République - 75111,(GALLIENI <-> PONT DE LEVALLOIS - BECON) - Aller
République,1767,5,Av de la République - 75111,(BOBIGNY - PABLO PICASSO <-> PLACE D'ITALIE) - Aller
Ourcq,1772,5,161 avenue Jean Jaurès - 75119,(BOBIGNY - PABLO PICASSO <-> PLACE D'ITALIE) - Aller
Palais-Royal (Musée du Louvre),1773,1,Terre-plein face au 93 rue de Rivoli - 75101,(CHATEAU DE VINCENNES <-> LA DEFENSE) - Aller
Palais-Royal (Musée du Louvre),1774,7,Terre-plein face au 93 rue de Rivoli - 75101,(LA COURNEUVE - 8 MAI 1945 <-> VILLEJUIF-L. ARAGON / MAIRIE D'IVRY) - Aller
Parmentier,1779,3,48 avenue de la République - 75111,(GALLIENI <-> PONT DE LEVALLOIS - BECON) - Aller
Passy,1780,6,pl. du Costa Rica - 75116,(NATION <-> CHARLES DE GAULLE - ETOILE) - Aller
Pasteur,1781,6,183 rue de Vaugirard - 75115,(NATION <-> CHARLES DE GAULLE - ETOILE) - Aller
Pasteur,1782,12,183 rue de Vaugirard - 75115,(MAIRIE D'ISSY <-> FRONT POPULAIRE) - Aller
Pelleport,1783,3B,Paul Signac (place en face du 125 avenue Gambetta) - 75120,(PORTE DES LILAS <-> GAMBETTA) - Aller
Père-Lachaise,1784,2,Avenue de la République - 75111,(NATION <-> PORTE DAUPHINE) - Aller
Père-Lachaise,1785,3,Avenue de la République - 75111,(GALLIENI <-> PONT DE LEVALLOIS - BECON) - Aller
Pereire,1786,3,Square Albert Besnard - 75117,(GALLIENI <-> PONT DE LEVALLOIS - BECON) - Aller
Pernety,1787,13,Rue Niepce - 75114,(CHATILLON - MONTROUGE <-> ST-DENIS-UNIVERSITE/LES COURTILLES) - Aller
Philippe Auguste,1788,2,212 boulevard de Charonne - 75111,(NATION <-> PORTE DAUPHINE) - Aller
Picpus,1789,6,46 avenue de Saint-Mandé - 75112,(NATION <-> CHARLES DE GAULLE - ETOILE) - Aller
Pierre et Marie Curie,1790,7,117-119 avenue Maurice Thorez - 94041,(LA COURNEUVE - 8 MAI 1945 <-> VILLEJUIF-L. ARAGON / MAIRIE D'IVRY) - Aller
Pigalle,1791,2,26 boulevard de Clichy - 75118,(NATION <-> PORTE DAUPHINE) - Aller
Pigalle,1792,12,26 boulevard de Clichy - 75118,(MAIRIE D'ISSY <-> FRONT POPULAIRE) - Aller
Place d'Italie,1793,5,Place d' Italie - 75113,(BOBIGNY - PABLO PICASSO <-> PLACE D'ITALIE) - Aller
Place d'Italie,1794,6,Place d' Italie - 75113,(NATION <-> CHARLES DE GAULLE - ETOILE) - Aller
Place de Clichy,1795,2,Terre-plein face au 7 place de Clichy - 75109,(NATION <-> PORTE DAUPHINE) - Aller
Place de Clichy,1796,13,Terre-plein face au 7 place de Clichy - 75109,(CHATILLON - MONTROUGE <-> ST-DENIS-UNIVERSITE/LES COURTILLES) - Aller
Place des Fêtes,1797,7B,Rue de Crimée - 75119,(PRE-SAINT-GERVAIS <-> LOUIS BLANC) - Retour
Place des Fêtes,1798,11,Rue de Crimée - 75119,(MAIRIE DES LILAS <-> CHATELET) - Aller
Plaisance,1799,13,Rue Raymond Losserand - 75114,(CHATILLON - MONTROUGE <-> ST-DENIS-UNIVERSITE/LES COURTILLES) - Aller
Poissonnière,1800,7,Terre-plein face au 96/98 rue La Fayette - 75110,(LA COURNEUVE - 8 MAI 1945 <-> VILLEJUIF-L. ARAGON / MAIRIE D'IVRY) - Aller
Pont de Levallois-Bécon,1802,3,Rue Baudin - 92044,(GALLIENI <-> PONT DE LEVALLOIS - BECON) - Aller
Pont de Neuilly,1803,1,209 avenue Charles de Gaulle - 92051,(CHATEAU DE VINCENNES <-> LA DEFENSE) - Aller
Pont de Sèvres,1804,9,quai Alphonse Le Gallo - 92012,(PONT DE SEVRES <-> MAIRIE DE MONTREUIL) - Aller
Pont Marie (Cité des Arts),1805,7,quai de l'Hôtel de Ville - 75104,(LA COURNEUVE - 8 MAI 1945 <-> VILLEJUIF-L. ARAGON / MAIRIE D'IVRY) - Aller
Pont Neuf,1806,7,quai du Louvre - 75101,(LA COURNEUVE - 8 MAI 1945 <-> VILLEJUIF-L. ARAGON / MAIRIE D'IVRY) - Aller
Porte d'Italie,1808,7,Boulevard Masséna - 75113,(LA COURNEUVE - 8 MAI 1945 <-> VILLEJUIF-L. ARAGON / MAIRIE D'IVRY) - Aller
Maubert-Mutualité,1811,10,Panthéon - 75105,(BOULOGNE - PONT DE SAINT CLOUD <-> GARE D'AUSTERLITZ) - Aller
Ménilmontant,1812,2,Ménilmontant (139/148 boulevard de) - 75111,(NATION <-> PORTE DAUPHINE) - Aller
Michel-Ange-Auteuil,1814,9,55 rue d' Auteuil - 75116,(PONT DE SEVRES <-> MAIRIE DE MONTREUIL) - Aller
Michel-Ange-Molitor,1816,9,34 rue Molitor - 75116,(PONT DE SEVRES <-> MAIRIE DE MONTREUIL) - Aller
Michel-Ange-Molitor,1817,10,34 rue Molitor - 75116,(BOULOGNE - PONT DE SAINT CLOUD <-> GARE D'AUSTERLITZ) - Aller
Mirabeau,1818,10,63 avenue de Versailles - 75116,(BOULOGNE - PONT DE SAINT CLOUD <-> GARE D'AUSTERLITZ) - Aller
Miromesnil,1819,9,29 rue de la Boétie - 75108,(PONT DE SEVRES <-> MAIRIE DE MONTREUIL) - Aller
Miromesnil,1820,13,29 rue de la Boétie - 75108,(CHATILLON - MONTROUGE <-> ST-DENIS-UNIVERSITE/LES COURTILLES) - Aller
Monceau,1822,2,1 Place de la République Dominicaine - 75108,(NATION <-> PORTE DAUPHINE) - Aller
Montparnasse-Bienvenue,1824,4,Raoul Dautry (place SNCF Montparnasse) - 75114,(PORTE DE CLIGNANCOURT <-> MAIRIE DE MONTROUGE) - Aller
Montparnasse-Bienvenue,1825,6,Raoul Dautry (place SNCF Montparnasse) - 75114,(NATION <-> CHARLES DE GAULLE - ETOILE) - Aller
Montparnasse-Bienvenue,1826,12,Raoul Dautry (place SNCF Montparnasse) - 75114,(MAIRIE D'ISSY <-> FRONT POPULAIRE) - Aller
Montparnasse-Bienvenue,1827,13,Raoul Dautry (place SNCF Montparnasse) - 75114,(CHATILLON - MONTROUGE <-> ST-DENIS-UNIVERSITE/LES COURTILLES) - Aller
Mouton-Duvernet,1828,4,42 avenue du Général Leclerc - 75114,(PORTE DE CLIGNANCOURT <-> MAIRIE DE MONTROUGE) - Aller
Nation,1832,1,Terre-plein face au 3 place de la Nation - 75112,(CHATEAU DE VINCENNES <-> LA DEFENSE) - Aller
Nation,1833,2,Terre-plein face au 3 place de la Nation - 75112,(NATION <-> PORTE DAUPHINE) - Aller
Nation,1834,6,Terre-plein face au 3 place de la Nation - 75112,(NATION <-> CHARLES DE GAULLE - ETOILE) - Aller
Nationale,1836,6,Terre-plein face au 124-143 boulevard Vincent Auriol - 75113,(NATION <-> CHARLES DE GAULLE - ETOILE) - Aller
Notre-Dame de Lorette,1841,12,Rue de Chateaudun - 75109,(MAIRIE D'ISSY <-> FRONT POPULAIRE) - Aller
Notre-Dame des Champs,1842,12,Terre-plein face au 112 boulevard Raspail - 75106,(MAIRIE D'ISSY <-> FRONT POPULAIRE) - Aller
Oberkampf,1843,5,43 boulevard Voltaire - 75111,(BOBIGNY - PABLO PICASSO <-> PLACE D'ITALIE) - Aller
Oberkampf,1844,9,43 boulevard Voltaire - 75111,(PONT DE SEVRES <-> MAIRIE DE MONTREUIL) - Aller
Odéon,1845,4,Carrefour de l' Odéon - 75106,(PORTE DE CLIGNANCOURT <-> MAIRIE DE MONTROUGE) - Aller
Opéra,1846,3,Théâtre National de l'Opéra - 75109,(GALLIENI <-> PONT DE LEVALLOIS - BECON) - Aller
Opéra,1847,7,Théâtre National de l'Opéra - 75109,(LA COURNEUVE - 8 MAI 1945 <-> VILLEJUIF-L. ARAGON / MAIRIE D'IVRY) - Aller
Le Peletier,1849,7,Rue de la Victoire - 75109,(LA COURNEUVE - 8 MAI 1945 <-> VILLEJUIF-L. ARAGON / MAIRIE D'IVRY) - Aller
Les Gobelins,1854,7,Manufacture des Gobelins - 75113,(LA COURNEUVE - 8 MAI 1945 <-> VILLEJUIF-L. ARAGON / MAIRIE D'IVRY) - Aller
Les Halles,1855,4,Rue Turbigo - 75101,(PORTE DE CLIGNANCOURT <-> MAIRIE DE MONTROUGE) - Aller
Les Sablons (Jardin d'acclimatation),1856,1,Jardin d'Acclimatation - 92051,(CHATEAU DE VINCENNES <-> LA DEFENSE) - Aller
Liège,1858,13,Terre-plein face au 21 rue de Liège - 75108,(CHATILLON - MONTROUGE <-> ST-DENIS-UNIVERSITE/LES COURTILLES) - Aller
Louis Blanc,1860,7,234 rue du Faubourg Saint-Martin - 75110,(LA COURNEUVE - 8 MAI 1945 <-> VILLEJUIF-L. ARAGON / MAIRIE D'IVRY) - Aller
Louis Blanc,1861,7B,234 rue du Faubourg Saint-Martin - 75110,(PRE-SAINT-GERVAIS <-> LOUIS BLANC) - Aller
Louise Michel,1862,3,Rue Anatole France - 92044,(GALLIENI <-> PONT DE LEVALLOIS - BECON) - Aller
Louvre-Rivoli,1864,1,Amiral de Coligny (8 rue de l') - 75101,(CHATEAU DE VINCENNES <-> LA DEFENSE) - Aller
Mabillon,1867,10,Place d' Arcadie - 75106,(BOULOGNE - PONT DE SAINT CLOUD <-> GARE D'AUSTERLITZ) - Aller
Madeleine,1869,12,Rue De Sèze - 75108,(MAIRIE D'ISSY <-> FRONT POPULAIRE) - Aller
Mairie d'Issy,1870,12,Rue du Général Leclerc - 92040,(MAIRIE D'ISSY <-> FRONT POPULAIRE) - Aller
Mairie d'Ivry,1871,7,Centre Commercial - 94041,(LA COURNEUVE - 8 MAI 1945 <-> VILLEJUIF-L. ARAGON / MAIRIE D'IVRY) - Aller
Mairie de Clichy,1872,13,Hôpital Gouin - 92024,(CHATILLON - MONTROUGE <-> ST-DENIS-UNIVERSITE/LES COURTILLES) - Aller
Mairie de Montreuil,1873,9,Place Jean Jaurès - 93048,(PONT DE SEVRES <-> MAIRIE DE MONTREUIL) - Aller
Mairie de Saint-Ouen,1874,13,Place de la République - 93070,(CHATILLON - MONTROUGE <-> ST-DENIS-UNIVERSITE/LES COURTILLES) - Aller
Mairie des Lilas,1875,11,Place du Colonel Fabien - 93045,(MAIRIE DES LILAS <-> CHATELET) - Aller
Maison Blanche,1876,7,144 avenue d' Italie - 75113,(LA COURNEUVE - 8 MAI 1945 <-> VILLEJUIF-L. ARAGON / MAIRIE D'IVRY) - Aller
Malakoff-Plateau de Vanves,1879,13,r. Jean Bleuzen - 92020,(CHATILLON - MONTROUGE <-> ST-DENIS-UNIVERSITE/LES COURTILLES) - Aller
Malakoff-Rue Etienne Dolet,1880,13,87 rue Guy Môquet - 92020,(CHATILLON - MONTROUGE <-> ST-DENIS-UNIVERSITE/LES COURTILLES) - Aller
Malesherbes,1881,3,Place du Général Catroux - 75117,(GALLIENI <-> PONT DE LEVALLOIS - BECON) - Aller
Maraîchers,1882,9,67 bis rue des Pyrénées - 75120,(PONT DE SEVRES <-> MAIRIE DE MONTREUIL) - Aller
Marcadet-Poissonniers,1883,12,88 boulevard Barbès - 75118,(MAIRIE D'ISSY <-> FRONT POPULAIRE) - Aller
Marcel Sembat,1884,9,Rue des Quatre Cheminées - 92012,(PONT DE SEVRES <-> MAIRIE DE MONTREUIL) - Aller
Marx-Dormoy,1886,12,4 rue de la Chapelle - 75118,(MAIRIE D'ISSY <-> FRONT POPULAIRE) - Aller
La Défense (Grande Arche),1887,1,Carpeaux (rue gare du RER La Défense) - 92062,(CHATEAU DE VINCENNES <-> LA DEFENSE) - Aller
Guy-Môquet,1888,13,86 avenue de Saint-Ouen - 75118,(CHATILLON - MONTROUGE <-> ST-DENIS-UNIVERSITE/LES COURTILLES) - Aller
Havre-Caumartin,1889,3,bd Haussmann - 75109,(GALLIENI <-> PONT DE LEVALLOIS - BECON) - Aller
Havre-Caumartin,1890,9,bd Haussmann - 75109,(PONT DE SEVRES <-> MAIRIE DE MONTREUIL) - Aller
Hoche,1891,5,Centre Commercial - 93055,(BOBIGNY - PABLO PICASSO <-> PLACE D'ITALIE) - Aller
Hôtel de Ville,1892,1,Rue du Renard - 75104,(CHATEAU DE VINCENNES <-> LA DEFENSE) - Aller
Hôtel de Ville,1893,11,Rue du Renard - 75104,(MAIRIE DES LILAS <-> CHATELET) - Aller
Iéna,1895,9,av. du Président Wilson - 75116,(PONT DE SEVRES <-> MAIRIE DE MONTREUIL) - Aller
Invalides,1897,13,Rue de l' Université - 75107,(CHATILLON - MONTROUGE <-> ST-DENIS-UNIVERSITE/LES COURTILLES) - Aller
Jacques-Bonsergent,1898,5,bd de Magenta - 75110,(BOBIGNY - PABLO PICASSO <-> PLACE D'ITALIE) - Aller
Jasmin,1899,9,85 avenue Mozart - 75116,(PONT DE SEVRES <-> MAIRIE DE MONTREUIL) - Aller
Jaurès,1900,2,Face au 2 place de Stalingrad - 75119,(NATION <-> PORTE DAUPHINE) - Aller
Jaurès,1901,5,Face au 2 place de Stalingrad - 75119,(BOBIGNY - PABLO PICASSO <-> PLACE D'ITALIE) - Aller
Jaurès,1902,7B,Face au 2 place de Stalingrad - 75119,(PRE-SAINT-GERVAIS <-> LOUIS BLANC) - Aller
Javel-André-Citroen,1903,10,Rue de la Convention - 75115,(BOULOGNE - PONT DE SAINT CLOUD <-> GARE D'AUSTERLITZ) - Aller
Jourdain,1905,11,7 rue du Jourdain - 75120,(MAIRIE DES LILAS <-> CHATELET) - Aller
Jules Joffrin,1906,12,2 place Jules Joffrin - 75118,(MAIRIE D'ISSY <-> FRONT POPULAIRE) - Aller
Jussieu,1907,7,39 rue Liné - 75105,(LA COURNEUVE - 8 MAI 1945 <-> VILLEJUIF-L. ARAGON / MAIRIE D'IVRY) - Aller
Jussieu,1908,10,39 rue Liné - 75105,(BOULOGNE - PONT DE SAINT CLOUD <-> GARE D'AUSTERLITZ) - Aller
Kléber,1909,6,15 avenue Kléber - 75116,(NATION <-> CHARLES DE GAULLE - ETOILE) - Aller
La Chapelle,1910,2,Rue du Faubourg Saint Denis - 75110,(NATION <-> PORTE DAUPHINE) - Aller
La Courneuve-8-Mai-1945,1911,7,Place du 8 Mai 1945 - 93027,(LA COURNEUVE - 8 MAI 1945 <-> VILLEJUIF-L. ARAGON / MAIRIE D'IVRY) - Aller
La Motte-Picquet-Grenelle,1916,10,Face au 130-113 boulevard de Grenelle - 75115,(BOULOGNE - PONT DE SAINT CLOUD <-> GARE D'AUSTERLITZ) - Aller
La Muette,1917,9,5 avenue Mozart - 75116,(PONT DE SEVRES <-> MAIRIE DE MONTREUIL) - Aller
Lamarck-Caulaincourt,1920,12,Lamarck (53/53 bis rue) - 75118,(MAIRIE D'ISSY <-> FRONT POPULAIRE) - Aller
Laumière,1922,5,av. Jean Jaurès - 75119,(BOBIGNY - PABLO PICASSO <-> PLACE D'ITALIE) - Aller
Le Kremlin-Bicêtre,1925,7,Hôpital Kremlin Bicêtre - 94043,(LA COURNEUVE - 8 MAI 1945 <-> VILLEJUIF-L. ARAGON / MAIRIE D'IVRY) - Aller
Dupleix,1926,6,Boulevard de Grenelle - 75115,(NATION <-> CHARLES DE GAULLE - ETOILE) - Aller
Duroc,1927,10,bd du Montparnasse - 75107,(BOULOGNE - PONT DE SAINT CLOUD <-> GARE D'AUSTERLITZ) - Aller
Duroc,1928,13,bd du Montparnasse - 75107,(CHATILLON - MONTROUGE <-> ST-DENIS-UNIVERSITE/LES COURTILLES) - Aller
Edgar-Quinet,1930,6,Place Edgar Quinet) - 75114,(NATION <-> CHARLES DE GAULLE - ETOILE) - Aller
Eglise de Pantin,1932,5,Rue Charles Auffrey - 93055,(BOBIGNY - PABLO PICASSO <-> PLACE D'ITALIE) - Aller
Esplanade de la Défense,1933,1,Quartier Saisons - 92062,(CHATEAU DE VINCENNES <-> LA DEFENSE) - Aller
Etienne Marcel,1934,4,14 rue Turbigo - 75101,(PORTE DE CLIGNANCOURT <-> MAIRIE DE MONTROUGE) - Aller
Europe,1935,3,1 rue de Madrid - 75108,(GALLIENI <-> PONT DE LEVALLOIS - BECON) - Aller
Exelmans,1936,9,Hôpital Henry Dunant - 75116,(PONT DE SEVRES <-> MAIRIE DE MONTREUIL) - Aller
Falguière,1938,12,138 rue du Cherche-Midi - 75115,(MAIRIE D'ISSY <-> FRONT POPULAIRE) - Aller
Fort d'Aubervilliers,1944,7,Gare routière - 93001,(LA COURNEUVE - 8 MAI 1945 <-> VILLEJUIF-L. ARAGON / MAIRIE D'IVRY) - Aller
Franklin-Roosevelt,1945,1,Palais de la Découverte - 75108,(CHATEAU DE VINCENNES <-> LA DEFENSE) - Aller
Franklin-Roosevelt,1946,9,Palais de la Découverte - 75108,(PONT DE SEVRES <-> MAIRIE DE MONTREUIL) - Aller
Gabriel-Péri,1947,13,Gare routière - 92004,(CHATILLON - MONTROUGE <-> ST-DENIS-UNIVERSITE/LES COURTILLES) - Aller
Gaîté,1948,13,Rue de la Gaîté - 75114,(CHATILLON - MONTROUGE <-> ST-DENIS-UNIVERSITE/LES COURTILLES) - Aller
Gallieni (Parc de Bagnolet),1949,3,Gare routière - 93006,(GALLIENI <-> PONT DE LEVALLOIS - BECON) - Aller
Gambetta,1950,3,Père-Lachaise - 75120,(GALLIENI <-> PONT DE LEVALLOIS - BECON) - Aller
Gare d'Austerlitz,1951,5,SNCF/RER C grandes lignes et banlieue - 75113,(BOBIGNY - PABLO PICASSO <-> PLACE D'ITALIE) - Aller
Gare d'Austerlitz,1952,10,SNCF/RER C grandes lignes et banlieue - 75113,(BOULOGNE - PONT DE SAINT CLOUD <-> GARE D'AUSTERLITZ) - Aller
Gare de l'Est (Verdun),1953,4,Sortie - 75110,(PORTE DE CLIGNANCOURT <-> MAIRIE DE MONTROUGE) - Aller
Gare de l'Est (Verdun),1954,7,Sortie - 75110,(LA COURNEUVE - 8 MAI 1945 <-> VILLEJUIF-L. ARAGON / MAIRIE D'IVRY) - Aller
Gare de Lyon,1955,1,Rue de Bercy - 75112,(CHATEAU DE VINCENNES <-> LA DEFENSE) - Aller
Gare du Nord,1957,4,Rue du Faubourg St Denis - 75110,(PORTE DE CLIGNANCOURT <-> MAIRIE DE MONTROUGE) - Aller
Gare du Nord,1958,5,Rue du Faubourg St Denis - 75110,(BOBIGNY - PABLO PICASSO <-> PLACE D'ITALIE) - Aller
Garibaldi,1959,13,Avenue Gabriel Péri - 93070,(CHATILLON - MONTROUGE <-> ST-DENIS-UNIVERSITE/LES COURTILLES) - Aller
George V,1961,1,118 avenue des Champs-Elysées - 75108,(CHATEAU DE VINCENNES <-> LA DEFENSE) - Aller
Glacière,1962,6,Face au 124 boulevard Auguste Blanqui - 75113,(NATION <-> CHARLES DE GAULLE - ETOILE) - Aller
Goncourt (Hôpital Saint-Louis),1963,11,152 avenue Parmentier - 75110,(MAIRIE DES LILAS <-> CHATELET) - Aller
Châtelet,1964,4,Théâtre du Châtelet - 75101,(PORTE DE CLIGNANCOURT <-> MAIRIE DE MONTROUGE) - Aller
Châtelet,1965,11,Théâtre du Châtelet - 75101,(MAIRIE DES LILAS <-> CHATELET) - Aller
Châtelet,1966,7,Théâtre du Châtelet - 75101,(LA COURNEUVE - 8 MAI 1945 <-> VILLEJUIF-L. ARAGON / MAIRIE D'IVRY) - Aller
Châtillon Montrouge,1969,13,r. de l'Avenir - 92020,(CHATILLON - MONTROUGE <-> ST-DENIS-UNIVERSITE/LES COURTILLES) - Aller
Chaussée d'Antin (La Fayette),1971,7,Rue La Fayette - 75109,(LA COURNEUVE - 8 MAI 1945 <-> VILLEJUIF-L. ARAGON / MAIRIE D'IVRY) - Aller
Chaussée d'Antin (La Fayette),1972,9,Rue La Fayette - 75109,(PONT DE SEVRES <-> MAIRIE DE MONTREUIL) - Aller
Chevaleret,1974,6,Terre-plein face au 79 boulevard Vincent Auriol - 75113,(NATION <-> CHARLES DE GAULLE - ETOILE) - Aller
Cité,1975,4,2 Place Louis Lepine - 75104,(PORTE DE CLIGNANCOURT <-> MAIRIE DE MONTROUGE) - Aller
Cluny-La Sorbonne,1977,10,Rue Saint Jacques - 75105,(BOULOGNE - PONT DE SAINT CLOUD <-> GARE D'AUSTERLITZ) - Aller
Colonel Fabien,1978,2,Tterre-plein face au 83 boulevard de la Villette - 75110,(NATION <-> PORTE DAUPHINE) - Aller
Concorde,1980,1,Place de la Concorde - 75108,(CHATEAU DE VINCENNES <-> LA DEFENSE) - Aller
Concorde,1982,12,Place de la Concorde - 75108,(MAIRIE D'ISSY <-> FRONT POPULAIRE) - Aller
Convention,1984,12,337 rue de Vaugirard - 75115,(MAIRIE D'ISSY <-> FRONT POPULAIRE) - Aller
Corentin-Cariou,1985,7,avenue Corentin Cariou - 75119,(LA COURNEUVE - 8 MAI 1945 <-> VILLEJUIF-L. ARAGON / MAIRIE D'IVRY) - Aller
Corentin-Celton,1986,12,Rue Ernest Renan - 92040,(MAIRIE D'ISSY <-> FRONT POPULAIRE) - Aller
Corvisart,1987,6,Boulevard Auguste Blanqui - 75113,(NATION <-> CHARLES DE GAULLE - ETOILE) - Aller
Courcelles,1989,2,Boulevard de Courcelles - 75108,(NATION <-> PORTE DAUPHINE) - Aller
Croix-de-Chavaux (Jacques Duclos),1993,9,Rue de Paris - 93048,(PONT DE SEVRES <-> MAIRIE DE MONTREUIL) - Aller
Denfert-Rochereau,1996,4,2 avenue du Général Leclerc - 75114,(PORTE DE CLIGNANCOURT <-> MAIRIE DE MONTROUGE) - Aller
Denfert-Rochereau,1997,6,2 avenue du Général Leclerc - 75114,(NATION <-> CHARLES DE GAULLE - ETOILE) - Aller
Bonne Nouvelle,2001,9,Boulevard de Bonne Nouvelle - 75109,(PONT DE SEVRES <-> MAIRIE DE MONTREUIL) - Aller
Botzaris,2002,7B,80 rue Botzaris - 75119,(PRE-SAINT-GERVAIS <-> LOUIS BLANC) - Aller
Boulogne-Jean-Jaurès,2004,10,Rue du Chateau - 92012,(BOULOGNE - PONT DE SAINT CLOUD <-> GARE D'AUSTERLITZ) - Aller
Boulogne Pont de Saint-Cloud,2005,10,Musée Albert Kahn - 92012,(BOULOGNE - PONT DE SAINT CLOUD <-> GARE D'AUSTERLITZ) - Aller
Bourse,2007,3,Rue Notre-Dame des Victoires - 75102,(GALLIENI <-> PONT DE LEVALLOIS - BECON) - Aller
Bréguet-Sabin,2008,5,Boulevard Richard Lenoir - 75111,(BOBIGNY - PABLO PICASSO <-> PLACE D'ITALIE) - Aller
Brochant,2009,13,Marché des Batignolles - 75117,(CHATILLON - MONTROUGE <-> ST-DENIS-UNIVERSITE/LES COURTILLES) - Aller
Buttes-Chaumont,2013,7B,28 rue Botzaris - 75119,(PRE-SAINT-GERVAIS <-> LOUIS BLANC) - Aller
Buzenval,2014,9,51 rue de Buzenval - 75120,(PONT DE SEVRES <-> MAIRIE DE MONTREUIL) - Aller
Cadet,2015,7,Terre-plein face au 65 rue La Fayette - 75109,(LA COURNEUVE - 8 MAI 1945 <-> VILLEJUIF-L. ARAGON / MAIRIE D'IVRY) - Aller
Cambronne,2016,6,2 Boulevard Garibaldi Côté des N° pairs - 75115,(NATION <-> CHARLES DE GAULLE - ETOILE) - Aller
Campo-Formio,2017,5,106-112 boulevard de l' Hôpital - 75113,(BOBIGNY - PABLO PICASSO <-> PLACE D'ITALIE) - Aller
Cardinal-Lemoine,2018,10,55 rue du Cardinal Lemoine - 75105,(BOULOGNE - PONT DE SAINT CLOUD <-> GARE D'AUSTERLITZ) - Aller
Censier-Daubenton,2020,7,96 rue Monge - 75105,(LA COURNEUVE - 8 MAI 1945 <-> VILLEJUIF-L. ARAGON / MAIRIE D'IVRY) - Aller
Champs-Elysées-Clémenceau,2025,13,Clémenceau (place) - 75108,(CHATILLON - MONTROUGE <-> ST-DENIS-UNIVERSITE/LES COURTILLES) - Aller
Chardon-Lagache,2026,10,11 rue Chardon Lagache - 75116,(BOULOGNE - PONT DE SAINT CLOUD <-> GARE D'AUSTERLITZ) - Aller
Charles de Gaulle-Etoile,2028,1,Place Charles de Gaulle - 75108,(CHATEAU DE VINCENNES <-> LA DEFENSE) - Aller
Charles de Gaulle-Etoile,2029,2,Place Charles de Gaulle - 75108,(NATION <-> PORTE DAUPHINE) - Aller
Charles de Gaulle-Etoile,2030,6,Place Charles de Gaulle - 75108,(NATION <-> CHARLES DE GAULLE - ETOILE) - Aller
Charles Michels,2031,10,36 rue des Entrepreneurs - 75115,(BOULOGNE - PONT DE SAINT CLOUD <-> GARE D'AUSTERLITZ) - Aller
Charonne,2032,9,188 boulevard Voltaire - 75111,(PONT DE SEVRES <-> MAIRIE DE MONTREUIL) - Aller
Château Rouge,2033,4,Rue Custine - 75118,(PORTE DE CLIGNANCOURT <-> MAIRIE DE MONTROUGE) - Aller
Château d'Eau,2034,4,Boulevard de Strasbourg - 75110,(PORTE DE CLIGNANCOURT <-> MAIRIE DE MONTROUGE) - Aller
Château de Vincennes,2035,1,Gare routière - 94080,(CHATEAU DE VINCENNES <-> LA DEFENSE) - Aller
Châtelet,2036,1,Théâtre du Châtelet - 75101,(CHATEAU DE VINCENNES <-> LA DEFENSE) - Aller
Abbesses,2037,12,Place des Abbesses - 75118,(MAIRIE D'ISSY <-> FRONT POPULAIRE) - Aller
Alésia,2040,4,Place Victor et Hélène Basch - 75114,(PORTE DE CLIGNANCOURT <-> MAIRIE DE MONTROUGE) - Aller
Alexandre-Dumas,2041,2,111 boulevard de Charonne - 75111,(NATION <-> PORTE DAUPHINE) - Aller
Alma-Marceau,2043,9,Pont de l'Alma - 75116,(PONT DE SEVRES <-> MAIRIE DE MONTREUIL) - Aller
Anatole-France,2044,3,Rue Voltaire - 92044,(GALLIENI <-> PONT DE LEVALLOIS - BECON) - Aller
Anvers,2046,2,68 boulevard Rochechouart - 75118,(NATION <-> PORTE DAUPHINE) - Aller
Argentine,2048,1,Rue des Acacias - 75117,(CHATEAU DE VINCENNES <-> LA DEFENSE) - Aller
Arts-et-Métiers,2050,3,Rue des Vertus - 75103,(GALLIENI <-> PONT DE LEVALLOIS - BECON) - Aller
Arts-et-Métiers,2051,11,Rue des Vertus - 75103,(MAIRIE DES LILAS <-> CHATELET) - Aller
Assemblée Nationale,2052,12,Angle avec le 239 bd Saint-Germain et la rue de Courty - 75107,(MAIRIE D'ISSY <-> FRONT POPULAIRE) - Aller
Aubervilliers Pantin (4 Chemins),2055,7,80 avenue Jean Jaurès - 93001,(LA COURNEUVE - 8 MAI 1945 <-> VILLEJUIF-L. ARAGON / MAIRIE D'IVRY) - Aller
Avenue Emile-Zola,2057,10,Rue du Commerce - 75115,(BOULOGNE - PONT DE SAINT CLOUD <-> GARE D'AUSTERLITZ) - Aller
Avron,2058,2,Terre-plein face au 35 boulevard de Charonne - 75111,(NATION <-> PORTE DAUPHINE) - Aller
Barbès-Rochechouart,2061,4,Boulevard de la Chapelle - 75109,(PORTE DE CLIGNANCOURT <-> MAIRIE DE MONTROUGE) - Aller
Bastille,2062,1,Rue de la Roquette - 75104,(CHATEAU DE VINCENNES <-> LA DEFENSE) - Aller
Bastille,2063,5,Rue de la Roquette - 75104,(BOBIGNY - PABLO PICASSO <-> PLACE D'ITALIE) - Aller
Bel-Air,2065,6,34 boulevard de Picpus - 75112,(NATION <-> CHARLES DE GAULLE - ETOILE) - Aller
Belleville,2066,11,Terre-plein face au 1 boulevard de la Villette - 75119,(MAIRIE DES LILAS <-> CHATELET) - Aller
Bérault,2067,1,98 avenue de Paris - 94080,(CHATEAU DE VINCENNES <-> LA DEFENSE) - Aller
Bercy,2068,6,Rue de Bercy - 75112,(NATION <-> CHARLES DE GAULLE - ETOILE) - Aller
Bir-Hakeim (Grenelle),2069,6,Tour Eiffel - 75115,(NATION <-> CHARLES DE GAULLE - ETOILE) - Aller
Blanche,2071,2,Terre-plein face au 59 boulevard de Clichy - 75118,(NATION <-> PORTE DAUPHINE) - Aller
Bobigny-Pantin (Raymond Queneau),2072,5,7 rue de Paris - 93008,(BOBIGNY - PABLO PICASSO <-> PLACE D'ITALIE) - Aller
Boissière,2073,6,57 avenue Kléber - 75116,(NATION <-> CHARLES DE GAULLE - ETOILE) - Aller
Bolivar,2075,7B,125 avenue Simon Bolivar - 75119,(PRE-SAINT-GERVAIS <-> LOUIS BLANC) - Aller
Gare de l'Est (Verdun),2076,5,Sortie - 75110,(BOBIGNY - PABLO PICASSO <-> PLACE D'ITALIE) - Aller
Couronnes,2079,2,Belleville (37 boulevard de) - 75111,(NATION <-> PORTE DAUPHINE) - Aller
Crimée,2080,7,Rue de Crimée - 75119,(LA COURNEUVE - 8 MAI 1945 <-> VILLEJUIF-L. ARAGON / MAIRIE D'IVRY) - Aller
Daumesnil (Félix Eboué),2081,6,Place Félix Eboué - 75112,(NATION <-> CHARLES DE GAULLE - ETOILE) - Aller
Dugommier,2082,6,3 boulevard de Reuilly - 75112,(NATION <-> CHARLES DE GAULLE - ETOILE) - Aller
Champs-Elysées-Clémenceau,2083,1,Clémenceau (place) - 75108,(CHATEAU DE VINCENNES <-> LA DEFENSE) - Aller
Château Landon,2085,7,188 rue du Faubourg Saint-Martin - 75110,(LA COURNEUVE - 8 MAI 1945 <-> VILLEJUIF-L. ARAGON / MAIRIE D'IVRY) - Aller
Barbès-Rochechouart,2086,2,Boulevard de la Chapelle - 75109,(NATION <-> PORTE DAUPHINE) - Aller
Belleville,2087,2,Terre-plein face au 1 boulevard de la Villette - 75119,(NATION <-> PORTE DAUPHINE) - Aller
Billancourt,2088,9,88 bis avenue du Général Leclerc - 92012,(PONT DE SEVRES <-> MAIRIE DE MONTREUIL) - Aller
Bobigny-Pablo-Picasso,2089,5,Préfecture Trésorerie - 93008,(BOBIGNY - PABLO PICASSO <-> PLACE D'ITALIE) - Aller
Crimée,2093,7,Rue de Crimée - 75119,(LA COURNEUVE - 8 MAI 1945 <-> VILLEJUIF-L. ARAGON / MAIRIE D'IVRY) - Retour
Daumesnil (Félix Eboué),2094,6,Place Félix Eboué - 75112,(NATION <-> CHARLES DE GAULLE - ETOILE) - Retour
Anvers,2096,2,68 boulevard Rochechouart - 75118,(NATION <-> PORTE DAUPHINE) - Retour
Argentine,2098,1,Rue des Acacias - 75117,(CHATEAU DE VINCENNES <-> LA DEFENSE) - Retour
Arts-et-Métiers,2099,3,Rue des Vertus - 75103,(GALLIENI <-> PONT DE LEVALLOIS - BECON) - Retour
Arts-et-Métiers,2100,11,Rue des Vertus - 75103,(MAIRIE DES LILAS <-> CHATELET) - Retour
Assemblée Nationale,2101,12,Angle avec le 239 bd Saint-Germain et la rue de Courty - 75107,(MAIRIE D'ISSY <-> FRONT POPULAIRE) - Retour
Aubervilliers Pantin (4 Chemins),2104,7,80 avenue Jean Jaurès - 93001,(LA COURNEUVE - 8 MAI 1945 <-> VILLEJUIF-L. ARAGON / MAIRIE D'IVRY) - Retour
Avenue Emile-Zola,2106,10,Rue du Commerce - 75115,(BOULOGNE - PONT DE SAINT CLOUD <-> GARE D'AUSTERLITZ) - Retour
Avron,2107,2,Terre-plein face au 35 boulevard de Charonne - 75111,(NATION <-> PORTE DAUPHINE) - Retour
Barbès-Rochechouart,2110,4,Boulevard de la Chapelle - 75109,(PORTE DE CLIGNANCOURT <-> MAIRIE DE MONTROUGE) - Retour
Bastille,2111,1,Rue de la Roquette - 75104,(CHATEAU DE VINCENNES <-> LA DEFENSE) - Retour
Bastille,2112,5,Rue de la Roquette - 75104,(BOBIGNY - PABLO PICASSO <-> PLACE D'ITALIE) - Retour
Bel-Air,2114,6,34 boulevard de Picpus - 75112,(NATION <-> CHARLES DE GAULLE - ETOILE) - Retour
Belleville,2115,11,Terre-plein face au 1 boulevard de la Villette - 75119,(MAIRIE DES LILAS <-> CHATELET) - Retour
Bérault,2116,1,98 avenue de Paris - 94080,(CHATEAU DE VINCENNES <-> LA DEFENSE) - Retour
Bercy,2117,6,Rue de Bercy - 75112,(NATION <-> CHARLES DE GAULLE - ETOILE) - Retour
Bir-Hakeim (Grenelle),2118,6,Tour Eiffel - 75115,(NATION <-> CHARLES DE GAULLE - ETOILE) - Retour
Blanche,2120,2,Terre-plein face au 59 boulevard de Clichy - 75118,(NATION <-> PORTE DAUPHINE) - Retour
Bobigny-Pantin (Raymond Queneau),2121,5,7 rue de Paris - 93008,(BOBIGNY - PABLO PICASSO <-> PLACE D'ITALIE) - Retour
Boissière,2122,6,57 avenue Kléber - 75116,(NATION <-> CHARLES DE GAULLE - ETOILE) - Retour
Bolivar,2124,7B,125 avenue Simon Bolivar - 75119,(PRE-SAINT-GERVAIS <-> LOUIS BLANC) - Retour
Gare de l'Est (Verdun),2125,5,Sortie - 75110,(BOBIGNY - PABLO PICASSO <-> PLACE D'ITALIE) - Retour
Couronnes,2128,2,Belleville (37 boulevard de) - 75111,(NATION <-> PORTE DAUPHINE) - Retour
Buttes-Chaumont,2132,7B,28 rue Botzaris - 75119,(PRE-SAINT-GERVAIS <-> LOUIS BLANC) - Retour
Buzenval,2133,9,51 rue de Buzenval - 75120,(PONT DE SEVRES <-> MAIRIE DE MONTREUIL) - Retour
Cadet,2134,7,Terre-plein face au 65 rue La Fayette - 75109,(LA COURNEUVE - 8 MAI 1945 <-> VILLEJUIF-L. ARAGON / MAIRIE D'IVRY) - Retour
Cambronne,2135,6,2 Boulevard Garibaldi Côté des N° pairs - 75115,(NATION <-> CHARLES DE GAULLE - ETOILE) - Retour
Campo-Formio,2136,5,106-112 boulevard de l' Hôpital - 75113,(BOBIGNY - PABLO PICASSO <-> PLACE D'ITALIE) - Retour
Cardinal-Lemoine,2137,10,55 rue du Cardinal Lemoine - 75105,(BOULOGNE - PONT DE SAINT CLOUD <-> GARE D'AUSTERLITZ) - Retour
Censier-Daubenton,2139,7,96 rue Monge - 75105,(LA COURNEUVE - 8 MAI 1945 <-> VILLEJUIF-L. ARAGON / MAIRIE D'IVRY) - Retour
Champs-Elysées-Clémenceau,2144,13,Clémenceau (place) - 75108,(CHATILLON - MONTROUGE <-> ST-DENIS-UNIVERSITE/LES COURTILLES) - Retour
Charles de Gaulle-Etoile,2147,1,Place Charles de Gaulle - 75108,(CHATEAU DE VINCENNES <-> LA DEFENSE) - Retour
Charles de Gaulle-Etoile,2148,2,Place Charles de Gaulle - 75108,(NATION <-> PORTE DAUPHINE) - Retour
Charles de Gaulle-Etoile,2149,6,Place Charles de Gaulle - 75108,(NATION <-> CHARLES DE GAULLE - ETOILE) - Retour
Charles Michels,2150,10,36 rue des Entrepreneurs - 75115,(BOULOGNE - PONT DE SAINT CLOUD <-> GARE D'AUSTERLITZ) - Retour
Charonne,2151,9,188 boulevard Voltaire - 75111,(PONT DE SEVRES <-> MAIRIE DE MONTREUIL) - Retour
Château Rouge,2152,4,Rue Custine - 75118,(PORTE DE CLIGNANCOURT <-> MAIRIE DE MONTROUGE) - Retour
Château d'Eau,2153,4,Boulevard de Strasbourg - 75110,(PORTE DE CLIGNANCOURT <-> MAIRIE DE MONTROUGE) - Retour
Château de Vincennes,2154,1,Gare routière - 94080,(CHATEAU DE VINCENNES <-> LA DEFENSE) - Retour
Châtelet,2155,1,Théâtre du Châtelet - 75101,(CHATEAU DE VINCENNES <-> LA DEFENSE) - Retour
Abbesses,2156,12,Place des Abbesses - 75118,(MAIRIE D'ISSY <-> FRONT POPULAIRE) - Retour
Alésia,2159,4,Place Victor et Hélène Basch - 75114,(PORTE DE CLIGNANCOURT <-> MAIRIE DE MONTROUGE) - Retour
Alexandre-Dumas,2160,2,111 boulevard de Charonne - 75111,(NATION <-> PORTE DAUPHINE) - Retour
Alma-Marceau,2162,9,Pont de l'Alma - 75116,(PONT DE SEVRES <-> MAIRIE DE MONTREUIL) - Retour
Anatole-France,2163,3,Rue Voltaire - 92044,(GALLIENI <-> PONT DE LEVALLOIS - BECON) - Retour
Bréguet-Sabin,2164,5,Boulevard Richard Lenoir - 75111,(BOBIGNY - PABLO PICASSO <-> PLACE D'ITALIE) - Retour
Brochant,2165,13,Marché des Batignolles - 75117,(CHATILLON - MONTROUGE <-> ST-DENIS-UNIVERSITE/LES COURTILLES) - Retour
Cluny-La Sorbonne,2167,10,Rue Saint Jacques - 75105,(BOULOGNE - PONT DE SAINT CLOUD <-> GARE D'AUSTERLITZ) - Retour
Colonel Fabien,2168,2,Tterre-plein face au 83 boulevard de la Villette - 75110,(NATION <-> PORTE DAUPHINE) - Retour
Concorde,2170,1,Place de la Concorde - 75108,(CHATEAU DE VINCENNES <-> LA DEFENSE) - Retour
Concorde,2172,12,Place de la Concorde - 75108,(MAIRIE D'ISSY <-> FRONT POPULAIRE) - Retour
Convention,2174,12,337 rue de Vaugirard - 75115,(MAIRIE D'ISSY <-> FRONT POPULAIRE) - Retour
Corentin-Cariou,2175,7,avenue Corentin Cariou - 75119,(LA COURNEUVE - 8 MAI 1945 <-> VILLEJUIF-L. ARAGON / MAIRIE D'IVRY) - Retour
Corentin-Celton,2176,12,Rue Ernest Renan - 92040,(MAIRIE D'ISSY <-> FRONT POPULAIRE) - Retour
Corvisart,2177,6,Boulevard Auguste Blanqui - 75113,(NATION <-> CHARLES DE GAULLE - ETOILE) - Retour
Courcelles,2179,2,Boulevard de Courcelles - 75108,(NATION <-> PORTE DAUPHINE) - Retour
Croix-de-Chavaux (Jacques Duclos),2183,9,Rue de Paris - 93048,(PONT DE SEVRES <-> MAIRIE DE MONTREUIL) - Retour
Denfert-Rochereau,2185,4,2 avenue du Général Leclerc - 75114,(PORTE DE CLIGNANCOURT <-> MAIRIE DE MONTROUGE) - Retour
Denfert-Rochereau,2186,6,2 avenue du Général Leclerc - 75114,(NATION <-> CHARLES DE GAULLE - ETOILE) - Retour
Bonne Nouvelle,2190,9,Boulevard de Bonne Nouvelle - 75109,(PONT DE SEVRES <-> MAIRIE DE MONTREUIL) - Retour
Botzaris,2191,7B,80 rue Botzaris - 75119,(PRE-SAINT-GERVAIS <-> LOUIS BLANC) - Retour
Boulogne-Jean-Jaurès,2193,10,Rue du Chateau - 92012,(BOULOGNE - PONT DE SAINT CLOUD <-> GARE D'AUSTERLITZ) - Retour
Boulogne Pont de Saint-Cloud,2194,10,Musée Albert Kahn - 92012,(BOULOGNE - PONT DE SAINT CLOUD <-> GARE D'AUSTERLITZ) - Retour
Bourse,2196,3,Rue Notre-Dame des Victoires - 75102,(GALLIENI <-> PONT DE LEVALLOIS - BECON) - Retour
Fort d'Aubervilliers,2199,7,Gare routière - 93001,(LA COURNEUVE - 8 MAI 1945 <-> VILLEJUIF-L. ARAGON / MAIRIE D'IVRY) - Retour
Franklin-Roosevelt,2200,1,Palais de la Découverte - 75108,(CHATEAU DE VINCENNES <-> LA DEFENSE) - Retour
Franklin-Roosevelt,2201,9,Palais de la Découverte - 75108,(PONT DE SEVRES <-> MAIRIE DE MONTREUIL) - Retour
Gabriel-Péri,2202,13,Gare routière - 92004,(CHATILLON - MONTROUGE <-> ST-DENIS-UNIVERSITE/LES COURTILLES) - Retour
Gaîté,2203,13,Rue de la Gaîté - 75114,(CHATILLON - MONTROUGE <-> ST-DENIS-UNIVERSITE/LES COURTILLES) - Retour
Gallieni (Parc de Bagnolet),2204,3,Gare routière - 93006,(GALLIENI <-> PONT DE LEVALLOIS - BECON) - Retour
Gambetta,2205,3,Père-Lachaise - 75120,(GALLIENI <-> PONT DE LEVALLOIS - BECON) - Retour
Gare d'Austerlitz,2206,5,SNCF/RER C grandes lignes et banlieue - 75113,(BOBIGNY - PABLO PICASSO <-> PLACE D'ITALIE) - Retour
Gare d'Austerlitz,2207,10,SNCF/RER C grandes lignes et banlieue - 75113,(BOULOGNE - PONT DE SAINT CLOUD <-> GARE D'AUSTERLITZ) - Retour
Gare de l'Est (Verdun),2208,4,Sortie - 75110,(PORTE DE CLIGNANCOURT <-> MAIRIE DE MONTROUGE) - Retour
Gare de l'Est (Verdun),2209,7,Sortie - 75110,(LA COURNEUVE - 8 MAI 1945 <-> VILLEJUIF-L. ARAGON / MAIRIE D'IVRY) - Retour
Gare de Lyon,2210,1,Rue de Bercy - 75112,(CHATEAU DE VINCENNES <-> LA DEFENSE) - Retour
Gare du Nord,2212,4,Rue du Faubourg St Denis - 75110,(PORTE DE CLIGNANCOURT <-> MAIRIE DE MONTROUGE) - Retour
Gare du Nord,2213,5,Rue du Faubourg St Denis - 75110,(BOBIGNY - PABLO PICASSO <-> PLACE D'ITALIE) - Retour
Garibaldi,2214,13,Avenue Gabriel Péri - 93070,(CHATILLON - MONTROUGE <-> ST-DENIS-UNIVERSITE/LES COURTILLES) - Retour
George V,2216,1,118 avenue des Champs-Elysées - 75108,(CHATEAU DE VINCENNES <-> LA DEFENSE) - Retour
Glacière,2217,6,Face au 124 boulevard Auguste Blanqui - 75113,(NATION <-> CHARLES DE GAULLE - ETOILE) - Retour
Goncourt (Hôpital Saint-Louis),2218,11,152 avenue Parmentier - 75110,(MAIRIE DES LILAS <-> CHATELET) - Retour
Châtelet,2219,4,Théâtre du Châtelet - 75101,(PORTE DE CLIGNANCOURT <-> MAIRIE DE MONTROUGE) - Retour
Châtelet,2220,11,Théâtre du Châtelet - 75101,(MAIRIE DES LILAS <-> CHATELET) - Retour
Châtelet,2221,7,Théâtre du Châtelet - 75101,(LA COURNEUVE - 8 MAI 1945 <-> VILLEJUIF-L. ARAGON / MAIRIE D'IVRY) - Retour
Châtillon Montrouge,2224,13,r. de l'Avenir - 92020,(CHATILLON - MONTROUGE <-> ST-DENIS-UNIVERSITE/LES COURTILLES) - Retour
Chaussée d'Antin (La Fayette),2226,7,Rue La Fayette - 75109,(LA COURNEUVE - 8 MAI 1945 <-> VILLEJUIF-L. ARAGON / MAIRIE D'IVRY) - Retour
Chaussée d'Antin (La Fayette),2227,9,Rue La Fayette - 75109,(PONT DE SEVRES <-> MAIRIE DE MONTREUIL) - Retour
Chevaleret,2229,6,Terre-plein face au 79 boulevard Vincent Auriol - 75113,(NATION <-> CHARLES DE GAULLE - ETOILE) - Retour
Cité,2230,4,2 Place Louis Lepine - 75104,(PORTE DE CLIGNANCOURT <-> MAIRIE DE MONTROUGE) - Retour
Jussieu,2232,7,39 rue Liné - 75105,(LA COURNEUVE - 8 MAI 1945 <-> VILLEJUIF-L. ARAGON / MAIRIE D'IVRY) - Retour
Jussieu,2233,10,39 rue Liné - 75105,(BOULOGNE - PONT DE SAINT CLOUD <-> GARE D'AUSTERLITZ) - Retour
Kléber,2234,6,15 avenue Kléber - 75116,(NATION <-> CHARLES DE GAULLE - ETOILE) - Retour
La Chapelle,2235,2,Rue du Faubourg Saint Denis - 75110,(NATION <-> PORTE DAUPHINE) - Retour
La Courneuve-8-Mai-1945,2236,7,Place du 8 Mai 1945 - 93027,(LA COURNEUVE - 8 MAI 1945 <-> VILLEJUIF-L. ARAGON / MAIRIE D'IVRY) - Retour
La Motte-Picquet-Grenelle,2241,10,Face au 130-113 boulevard de Grenelle - 75115,(BOULOGNE - PONT DE SAINT CLOUD <-> GARE D'AUSTERLITZ) - Retour
La Muette,2242,9,5 avenue Mozart - 75116,(PONT DE SEVRES <-> MAIRIE DE MONTREUIL) - Retour
Lamarck-Caulaincourt,2245,12,Lamarck (53/53 bis rue) - 75118,(MAIRIE D'ISSY <-> FRONT POPULAIRE) - Retour
Laumière,2247,5,av. Jean Jaurès - 75119,(BOBIGNY - PABLO PICASSO <-> PLACE D'ITALIE) - Retour
Le Kremlin-Bicêtre,2250,7,Hôpital Kremlin Bicêtre - 94043,(LA COURNEUVE - 8 MAI 1945 <-> VILLEJUIF-L. ARAGON / MAIRIE D'IVRY) - Retour
Dupleix,2251,6,Boulevard de Grenelle - 75115,(NATION <-> CHARLES DE GAULLE - ETOILE) - Retour
Duroc,2252,10,bd du Montparnasse - 75107,(BOULOGNE - PONT DE SAINT CLOUD <-> GARE D'AUSTERLITZ) - Retour
Duroc,2253,13,bd du Montparnasse - 75107,(CHATILLON - MONTROUGE <-> ST-DENIS-UNIVERSITE/LES COURTILLES) - Retour
Edgar-Quinet,2255,6,Place Edgar Quinet) - 75114,(NATION <-> CHARLES DE GAULLE - ETOILE) - Retour
Eglise d'Auteuil,2256,10,20 rue Wilhem - 75116,(BOULOGNE - PONT DE SAINT CLOUD <-> GARE D'AUSTERLITZ) - Retour
Eglise de Pantin,2257,5,Rue Charles Auffrey - 93055,(BOBIGNY - PABLO PICASSO <-> PLACE D'ITALIE) - Retour
Esplanade de la Défense,2258,1,Quartier Saisons - 92062,(CHATEAU DE VINCENNES <-> LA DEFENSE) - Retour
Etienne Marcel,2259,4,14 rue Turbigo - 75101,(PORTE DE CLIGNANCOURT <-> MAIRIE DE MONTROUGE) - Retour
Europe,2260,3,1 rue de Madrid - 75108,(GALLIENI <-> PONT DE LEVALLOIS - BECON) - Retour
Exelmans,2261,9,Hôpital Henry Dunant - 75116,(PONT DE SEVRES <-> MAIRIE DE MONTREUIL) - Retour
Falguière,2263,12,138 rue du Cherche-Midi - 75115,(MAIRIE D'ISSY <-> FRONT POPULAIRE) - Retour
Jourdain,2266,11,7 rue du Jourdain - 75120,(MAIRIE DES LILAS <-> CHATELET) - Retour
Jules Joffrin,2267,12,2 place Jules Joffrin - 75118,(MAIRIE D'ISSY <-> FRONT POPULAIRE) - Retour
Mairie de Clichy,2268,13,Hôpital Gouin - 92024,(CHATILLON - MONTROUGE <-> ST-DENIS-UNIVERSITE/LES COURTILLES) - Retour
Mairie de Montreuil,2269,9,Place Jean Jaurès - 93048,(PONT DE SEVRES <-> MAIRIE DE MONTREUIL) - Retour
Mairie de Saint-Ouen,2270,13,Place de la République - 93070,(CHATILLON - MONTROUGE <-> ST-DENIS-UNIVERSITE/LES COURTILLES) - Retour
Mairie des Lilas,2271,11,Place du Colonel Fabien - 93045,(MAIRIE DES LILAS <-> CHATELET) - Retour
Maison Blanche,2272,7,144 avenue d' Italie - 75113,(LA COURNEUVE - 8 MAI 1945 <-> VILLEJUIF-L. ARAGON / MAIRIE D'IVRY) - Retour
Malakoff-Plateau de Vanves,2275,13,r. Jean Bleuzen - 92020,(CHATILLON - MONTROUGE <-> ST-DENIS-UNIVERSITE/LES COURTILLES) - Retour
Malakoff-Rue Etienne Dolet,2276,13,87 rue Guy Môquet - 92020,(CHATILLON - MONTROUGE <-> ST-DENIS-UNIVERSITE/LES COURTILLES) - Retour
Malesherbes,2277,3,Place du Général Catroux - 75117,(GALLIENI <-> PONT DE LEVALLOIS - BECON) - Retour
Maraîchers,2278,9,67 bis rue des Pyrénées - 75120,(PONT DE SEVRES <-> MAIRIE DE MONTREUIL) - Retour
Marcadet-Poissonniers,2279,12,88 boulevard Barbès - 75118,(MAIRIE D'ISSY <-> FRONT POPULAIRE) - Retour
Marcel Sembat,2280,9,Rue des Quatre Cheminées - 92012,(PONT DE SEVRES <-> MAIRIE DE MONTREUIL) - Retour
Marx-Dormoy,2282,12,4 rue de la Chapelle - 75118,(MAIRIE D'ISSY <-> FRONT POPULAIRE) - Retour
La Défense (Grande Arche),2283,1,Parvis de la Défense - 92062,(CHATEAU DE VINCENNES <-> LA DEFENSE) - Retour
Guy-Môquet,2284,13,86 avenue de Saint-Ouen - 75118,(CHATILLON - MONTROUGE <-> ST-DENIS-UNIVERSITE/LES COURTILLES) - Retour
Havre-Caumartin,2285,3,bd Haussmann - 75109,(GALLIENI <-> PONT DE LEVALLOIS - BECON) - Retour
Havre-Caumartin,2286,9,bd Haussmann - 75109,(PONT DE SEVRES <-> MAIRIE DE MONTREUIL) - Retour
Hoche,2287,5,Centre Commercial - 93055,(BOBIGNY - PABLO PICASSO <-> PLACE D'ITALIE) - Retour
Hôtel de Ville,2288,1,Rue du Renard - 75104,(CHATEAU DE VINCENNES <-> LA DEFENSE) - Retour
Hôtel de Ville,2289,11,Rue du Renard - 75104,(MAIRIE DES LILAS <-> CHATELET) - Retour
Iéna,2291,9,av. du Président Wilson - 75116,(PONT DE SEVRES <-> MAIRIE DE MONTREUIL) - Retour
Invalides,2293,13,Rue de l' Université - 75107,(CHATILLON - MONTROUGE <-> ST-DENIS-UNIVERSITE/LES COURTILLES) - Retour
Jacques-Bonsergent,2294,5,bd de Magenta - 75110,(BOBIGNY - PABLO PICASSO <-> PLACE D'ITALIE) - Retour
Jasmin,2295,9,85 avenue Mozart - 75116,(PONT DE SEVRES <-> MAIRIE DE MONTREUIL) - Retour
Jaurès,2296,2,Face au 2 place de Stalingrad - 75119,(NATION <-> PORTE DAUPHINE) - Retour
Jaurès,2297,5,Face au 2 place de Stalingrad - 75119,(BOBIGNY - PABLO PICASSO <-> PLACE D'ITALIE) - Retour
Jaurès,2298,7B,Face au 2 place de Stalingrad - 75119,(PRE-SAINT-GERVAIS <-> LOUIS BLANC) - Retour
Javel-André-Citroen,2299,10,Rue de la Convention - 75115,(BOULOGNE - PONT DE SAINT CLOUD <-> GARE D'AUSTERLITZ) - Retour
Mairie d'Ivry,2301,7,Centre Commercial - 94041,(LA COURNEUVE - 8 MAI 1945 <-> VILLEJUIF-L. ARAGON / MAIRIE D'IVRY) - Retour
Nationale,2303,6,Terre-plein face au 124-143 boulevard Vincent Auriol - 75113,(NATION <-> CHARLES DE GAULLE - ETOILE) - Retour
Notre-Dame de Lorette,2308,12,Rue de Chateaudun - 75109,(MAIRIE D'ISSY <-> FRONT POPULAIRE) - Retour
Notre-Dame des Champs,2309,12,Terre-plein face au 112 boulevard Raspail - 75106,(MAIRIE D'ISSY <-> FRONT POPULAIRE) - Retour
Oberkampf,2310,5,43 boulevard Voltaire - 75111,(BOBIGNY - PABLO PICASSO <-> PLACE D'ITALIE) - Retour
Oberkampf,2311,9,43 boulevard Voltaire - 75111,(PONT DE SEVRES <-> MAIRIE DE MONTREUIL) - Retour
Odéon,2312,4,Carrefour de l' Odéon - 75106,(PORTE DE CLIGNANCOURT <-> MAIRIE DE MONTROUGE) - Retour
Opéra,2313,3,Théâtre National de l'Opéra - 75109,(GALLIENI <-> PONT DE LEVALLOIS - BECON) - Retour
Opéra,2314,7,Théâtre National de l'Opéra - 75109,(LA COURNEUVE - 8 MAI 1945 <-> VILLEJUIF-L. ARAGON / MAIRIE D'IVRY) - Retour
Le Peletier,2316,7,Rue de la Victoire - 75109,(LA COURNEUVE - 8 MAI 1945 <-> VILLEJUIF-L. ARAGON / MAIRIE D'IVRY) - Retour
Les Gobelins,2321,7,Manufacture des Gobelins - 75113,(LA COURNEUVE - 8 MAI 1945 <-> VILLEJUIF-L. ARAGON / MAIRIE D'IVRY) - Retour
Les Halles,2322,4,Rue Turbigo - 75101,(PORTE DE CLIGNANCOURT <-> MAIRIE DE MONTROUGE) - Retour
Les Sablons (Jardin d'acclimatation),2323,1,Jardin d'Acclimatation - 92051,(CHATEAU DE VINCENNES <-> LA DEFENSE) - Retour
Liège,2325,13,Terre-plein face au 21 rue de Liège - 75108,(CHATILLON - MONTROUGE <-> ST-DENIS-UNIVERSITE/LES COURTILLES) - Retour
Louis Blanc,2327,7,234 rue du Faubourg Saint-Martin - 75110,(LA COURNEUVE - 8 MAI 1945 <-> VILLEJUIF-L. ARAGON / MAIRIE D'IVRY) - Retour
Louis Blanc,2328,7B,234 rue du Faubourg Saint-Martin - 75110,(PRE-SAINT-GERVAIS <-> LOUIS BLANC) - Retour
Louise Michel,2329,3,Rue Anatole France - 92044,(GALLIENI <-> PONT DE LEVALLOIS - BECON) - Retour
Louvre-Rivoli,2331,1,Amiral de Coligny (8 rue de l') - 75101,(CHATEAU DE VINCENNES <-> LA DEFENSE) - Retour
Mabillon,2334,10,Place d' Arcadie - 75106,(BOULOGNE - PONT DE SAINT CLOUD <-> GARE D'AUSTERLITZ) - Retour
Madeleine,2336,12,Rue De Sèze - 75108,(MAIRIE D'ISSY <-> FRONT POPULAIRE) - Retour
Mairie d'Issy,2337,12,Rue du Général Leclerc - 92040,(MAIRIE D'ISSY <-> FRONT POPULAIRE) - Retour
Nation,2338,2,Terre-plein face au 3 place de la Nation - 75112,(NATION <-> PORTE DAUPHINE) - Retour
Nation,2339,6,Terre-plein face au 3 place de la Nation - 75112,(NATION <-> CHARLES DE GAULLE - ETOILE) - Retour
Pont de Levallois-Bécon,2341,3,Rue Baudin - 92044,(GALLIENI <-> PONT DE LEVALLOIS - BECON) - Retour
Pont de Neuilly,2342,1,209 avenue Charles de Gaulle - 92051,(CHATEAU DE VINCENNES <-> LA DEFENSE) - Retour
Pont de Sèvres,2343,9,quai Alphonse Le Gallo - 92012,(PONT DE SEVRES <-> MAIRIE DE MONTREUIL) - Retour
Pont Marie (Cité des Arts),2344,7,quai de l'Hôtel de Ville - 75104,(LA COURNEUVE - 8 MAI 1945 <-> VILLEJUIF-L. ARAGON / MAIRIE D'IVRY) - Retour
Pont Neuf,2345,7,quai du Louvre - 75101,(LA COURNEUVE - 8 MAI 1945 <-> VILLEJUIF-L. ARAGON / MAIRIE D'IVRY) - Retour
Porte d'Auteuil,2346,10,Route des Lacs - 75116,(BOULOGNE - PONT DE SAINT CLOUD <-> GARE D'AUSTERLITZ) - Retour
Porte d'Italie,2347,7,Boulevard Masséna - 75113,(LA COURNEUVE - 8 MAI 1945 <-> VILLEJUIF-L. ARAGON / MAIRIE D'IVRY) - Retour
Maubert-Mutualité,2350,10,Panthéon - 75105,(BOULOGNE - PONT DE SAINT CLOUD <-> GARE D'AUSTERLITZ) - Retour
Ménilmontant,2351,2,Ménilmontant (139/148 boulevard de) - 75111,(NATION <-> PORTE DAUPHINE) - Retour
Michel-Ange-Auteuil,2353,9,55 rue d' Auteuil - 75116,(PONT DE SEVRES <-> MAIRIE DE MONTREUIL) - Retour
Michel-Ange-Auteuil,2354,10,55 rue d' Auteuil - 75116,(BOULOGNE - PONT DE SAINT CLOUD <-> GARE D'AUSTERLITZ) - Retour
Michel-Ange-Molitor,2355,9,34 rue Molitor - 75116,(PONT DE SEVRES <-> MAIRIE DE MONTREUIL) - Retour
Miromesnil,2358,9,29 rue de la Boétie - 75108,(PONT DE SEVRES <-> MAIRIE DE MONTREUIL) - Retour
Miromesnil,2359,13,29 rue de la Boétie - 75108,(CHATILLON - MONTROUGE <-> ST-DENIS-UNIVERSITE/LES COURTILLES) - Retour
Monceau,2361,2,1 Place de la République Dominicaine - 75108,(NATION <-> PORTE DAUPHINE) - Retour
Montparnasse-Bienvenue,2363,4,Raoul Dautry (place SNCF Montparnasse) - 75114,(PORTE DE CLIGNANCOURT <-> MAIRIE DE MONTROUGE) - Retour
Montparnasse-Bienvenue,2364,6,Raoul Dautry (place SNCF Montparnasse) - 75114,(NATION <-> CHARLES DE GAULLE - ETOILE) - Retour
Montparnasse-Bienvenue,2365,12,Raoul Dautry (place SNCF Montparnasse) - 75114,(MAIRIE D'ISSY <-> FRONT POPULAIRE) - Retour
Montparnasse-Bienvenue,2366,13,Raoul Dautry (place SNCF Montparnasse) - 75114,(CHATILLON - MONTROUGE <-> ST-DENIS-UNIVERSITE/LES COURTILLES) - Retour
Mouton-Duvernet,2367,4,42 avenue du Général Leclerc - 75114,(PORTE DE CLIGNANCOURT <-> MAIRIE DE MONTROUGE) - Retour
Nation,2371,1,Terre-plein face au 3 place de la Nation - 75112,(CHATEAU DE VINCENNES <-> LA DEFENSE) - Retour
Plaisance,2372,13,Rue Raymond Losserand - 75114,(CHATILLON - MONTROUGE <-> ST-DENIS-UNIVERSITE/LES COURTILLES) - Retour
Poissonnière,2373,7,Terre-plein face au 96/98 rue La Fayette - 75110,(LA COURNEUVE - 8 MAI 1945 <-> VILLEJUIF-L. ARAGON / MAIRIE D'IVRY) - Retour
Réaumur-Sébastopol,2374,4,Square Emile Chantemps - 75102,(PORTE DE CLIGNANCOURT <-> MAIRIE DE MONTROUGE) - Retour
Réaumur-Sébastopol,2375,3,Square Emile Chantemps - 75102,(GALLIENI <-> PONT DE LEVALLOIS - BECON) - Retour
République,2376,3,Av de la République - 75111,(GALLIENI <-> PONT DE LEVALLOIS - BECON) - Retour
République,2377,5,Av de la République - 75111,(BOBIGNY - PABLO PICASSO <-> PLACE D'ITALIE) - Retour
Ourcq,2382,5,161 avenue Jean Jaurès - 75119,(BOBIGNY - PABLO PICASSO <-> PLACE D'ITALIE) - Retour
Palais-Royal (Musée du Louvre),2383,1,Terre-plein face au 93 rue de Rivoli - 75101,(CHATEAU DE VINCENNES <-> LA DEFENSE) - Retour
Palais-Royal (Musée du Louvre),2384,7,Terre-plein face au 93 rue de Rivoli - 75101,(LA COURNEUVE - 8 MAI 1945 <-> VILLEJUIF-L. ARAGON / MAIRIE D'IVRY) - Retour
Parmentier,2389,3,48 avenue de la République - 75111,(GALLIENI <-> PONT DE LEVALLOIS - BECON) - Retour
Passy,2390,6,pl. du Costa Rica - 75116,(NATION <-> CHARLES DE GAULLE - ETOILE) - Retour
Pasteur,2391,6,183 rue de Vaugirard - 75115,(NATION <-> CHARLES DE GAULLE - ETOILE) - Retour
Pasteur,2392,12,183 rue de Vaugirard - 75115,(MAIRIE D'ISSY <-> FRONT POPULAIRE) - Retour
Pelleport,2393,3B,Paul Signac (place en face du 125 avenue Gambetta) - 75120,(PORTE DES LILAS <-> GAMBETTA) - Retour
Père-Lachaise,2394,2,Avenue de la République - 75111,(NATION <-> PORTE DAUPHINE) - Retour
Père-Lachaise,2395,3,Avenue de la République - 75111,(GALLIENI <-> PONT DE LEVALLOIS - BECON) - Retour
Pereire,2396,3,Square Albert Besnard - 75117,(GALLIENI <-> PONT DE LEVALLOIS - BECON) - Retour
Pernety,2397,13,Rue Niepce - 75114,(CHATILLON - MONTROUGE <-> ST-DENIS-UNIVERSITE/LES COURTILLES) - Retour
Philippe Auguste,2398,2,212 boulevard de Charonne - 75111,(NATION <-> PORTE DAUPHINE) - Retour
Picpus,2399,6,46 avenue de Saint-Mandé - 75112,(NATION <-> CHARLES DE GAULLE - ETOILE) - Retour
Pierre et Marie Curie,2400,7,117-119 avenue Maurice Thorez - 94041,(LA COURNEUVE - 8 MAI 1945 <-> VILLEJUIF-L. ARAGON / MAIRIE D'IVRY) - Retour
Pigalle,2401,2,26 boulevard de Clichy - 75118,(NATION <-> PORTE DAUPHINE) - Retour
Pigalle,2402,12,26 boulevard de Clichy - 75118,(MAIRIE D'ISSY <-> FRONT POPULAIRE) - Retour
Place d'Italie,2403,5,Place d' Italie - 75113,(BOBIGNY - PABLO PICASSO <-> PLACE D'ITALIE) - Retour
Place d'Italie,2404,6,Place d' Italie - 75113,(NATION <-> CHARLES DE GAULLE - ETOILE) - Retour
Place de Clichy,2405,2,Terre-plein face au 7 place de Clichy - 75109,(NATION <-> PORTE DAUPHINE) - Retour
Place de Clichy,2406,13,Terre-plein face au 7 place de Clichy - 75109,(CHATILLON - MONTROUGE <-> ST-DENIS-UNIVERSITE/LES COURTILLES) - Retour
Place des Fêtes,2408,11,Rue de Crimée - 75119,(MAIRIE DES LILAS <-> CHATELET) - Retour
Raspail,2409,6,Boulevard Edgard Quinet - 75114,(NATION <-> CHARLES DE GAULLE - ETOILE) - Retour
Saint-Sulpice,2411,4,Rue de Rennes - 75106,(PORTE DE CLIGNANCOURT <-> MAIRIE DE MONTROUGE) - Retour
Porte d'Ivry,2412,7,Avenue d'Ivry - 75113,(LA COURNEUVE - 8 MAI 1945 <-> VILLEJUIF-L. ARAGON / MAIRIE D'IVRY) - Retour
Porte d'Orléans (Général Leclerc),2413,4,Rue de la Légion Etrangère - 75114,(PORTE DE CLIGNANCOURT <-> MAIRIE DE MONTROUGE) - Retour
Porte Dauphine (Maréchal de Lattre de Tassigny),2414,2,Boulevard Amiral Bruix - 75116,(NATION <-> PORTE DAUPHINE) - Retour
Porte de Bagnolet,2415,3,Rue de la Py - 75120,(GALLIENI <-> PONT DE LEVALLOIS - BECON) - Retour
Porte de Champerret,2416,3,Place Stuart-Merrill - 75117,(GALLIENI <-> PONT DE LEVALLOIS - BECON) - Retour
Porte de Choisy,2418,7,130 boulevard Masséna - 75113,(LA COURNEUVE - 8 MAI 1945 <-> VILLEJUIF-L. ARAGON / MAIRIE D'IVRY) - Retour
Porte de Clichy,2419,13,2 avenue de la Porte de Clichy - 75117,(CHATILLON - MONTROUGE <-> ST-DENIS-UNIVERSITE/LES COURTILLES) - Retour
Porte de Clignancourt,2420,4,Rue Belliard - 75118,(PORTE DE CLIGNANCOURT <-> MAIRIE DE MONTROUGE) - Retour
Porte de la Chapelle,2421,12,Rue Raymond Queneau - 75118,(MAIRIE D'ISSY <-> FRONT POPULAIRE) - Retour
Porte de la Villette,2422,7,Cité des Sciences - La Géode - Le Zénith - 75119,(LA COURNEUVE - 8 MAI 1945 <-> VILLEJUIF-L. ARAGON / MAIRIE D'IVRY) - Retour
Porte de Montreuil,2423,9,Rue d'Avron - 75120,(PONT DE SEVRES <-> MAIRIE DE MONTREUIL) - Retour
Porte de Pantin,2424,5,Avenue Jean Jaurès - 75119,(BOBIGNY - PABLO PICASSO <-> PLACE D'ITALIE) - Retour
Porte de Saint-Cloud,2425,9,Place de la Porte de Saint-Cloud - 75116,(PONT DE SEVRES <-> MAIRIE DE MONTREUIL) - Retour
Porte de Saint-Ouen,2426,13,Rue Liebniz - 75118,(CHATILLON - MONTROUGE <-> ST-DENIS-UNIVERSITE/LES COURTILLES) - Retour
Porte de Vanves,2427,13,9 boulevard Brune - 75114,(CHATILLON - MONTROUGE <-> ST-DENIS-UNIVERSITE/LES COURTILLES) - Retour
Porte de Versailles,2428,12,Palais des Sports - 75115,(MAIRIE D'ISSY <-> FRONT POPULAIRE) - Retour
Porte de Vincennes,2429,1,99 Cours de Vincennes - 75120,(CHATEAU DE VINCENNES <-> LA DEFENSE) - Retour
Porte des Lilas,2430,3B,Rue de Belleville - 75120,(PORTE DES LILAS <-> GAMBETTA) - Retour
Porte des Lilas,2431,11,Rue de Belleville - 75120,(MAIRIE DES LILAS <-> CHATELET) - Retour
Porte Maillot,2433,1,Palais des Congrès - 75117,(CHATEAU DE VINCENNES <-> LA DEFENSE) - Retour
Pré-Saint-Gervais,2434,7B,52 boulevard Serrurier - 75119,(PRE-SAINT-GERVAIS <-> LOUIS BLANC) - Retour
Pyramides,2435,7,Rue de l'Echelle - 75101,(LA COURNEUVE - 8 MAI 1945 <-> VILLEJUIF-L. ARAGON / MAIRIE D'IVRY) - Retour
Pyrénées,2436,11,401 rue des Pyrénées - 75120,(MAIRIE DES LILAS <-> CHATELET) - Retour
Quai de la Rapée,2437,5,Quai de la Rapée - 75112,(BOBIGNY - PABLO PICASSO <-> PLACE D'ITALIE) - Retour
Quatre Septembre,2438,3,20 rue du Quatre Septembre - 75102,(GALLIENI <-> PONT DE LEVALLOIS - BECON) - Retour
Rambuteau,2439,11,Centre Georges Pompidou - 75104,(MAIRIE DES LILAS <-> CHATELET) - Retour
Ranelagh,2440,9,48 avenue Mozart - 75116,(PONT DE SEVRES <-> MAIRIE DE MONTREUIL) - Retour
Saint-Philippe du Roule,2441,9,69 avenue Franklin D. Roosevelt - 75108,(PONT DE SEVRES <-> MAIRIE DE MONTREUIL) - Retour
Saint-Placide,2442,4,Rue de Rennes - 75106,(PORTE DE CLIGNANCOURT <-> MAIRIE DE MONTROUGE) - Retour
Reuilly-Diderot,2443,1,Boulevard Diderot - 75112,(CHATEAU DE VINCENNES <-> LA DEFENSE) - Retour
Richard-Lenoir,2445,5,Boulevard Richar Lenoir - 75111,(BOBIGNY - PABLO PICASSO <-> PLACE D'ITALIE) - Retour
Richelieu-Drouot,2447,9,Rue Marivaux - 75109,(PONT DE SEVRES <-> MAIRIE DE MONTREUIL) - Retour
Riquet,2448,7,Avenue de Flandre - 75119,(LA COURNEUVE - 8 MAI 1945 <-> VILLEJUIF-L. ARAGON / MAIRIE D'IVRY) - Retour
Robespierre,2449,9,185 rue de Paris - 93048,(PONT DE SEVRES <-> MAIRIE DE MONTREUIL) - Retour
Rome,2452,2,60 boulevard des Batignolles - 75117,(NATION <-> PORTE DAUPHINE) - Retour
Rue de la Pompe (Avenue Georges Mandel),2453,9,56 avenue Georges Mandel - 75116,(PONT DE SEVRES <-> MAIRIE DE MONTREUIL) - Retour
Rue des Boulets,2454,9,232 boulevard Voltaire - 75111,(PONT DE SEVRES <-> MAIRIE DE MONTREUIL) - Retour
Rue du Bac,2455,12,Terre-plein face au 2 boulevard Raspail - 75107,(MAIRIE D'ISSY <-> FRONT POPULAIRE) - Retour
Grands Boulevards,2457,9,Musée Grévin - 75109,(PONT DE SEVRES <-> MAIRIE DE MONTREUIL) - Retour
Saint-Ambroise,2459,9,86 boulevard Voltaire - 75111,(PONT DE SEVRES <-> MAIRIE DE MONTREUIL) - Retour
Saint-Augustin,2460,9,Église Saint-Augustin - 75108,(PONT DE SEVRES <-> MAIRIE DE MONTREUIL) - Retour
Basilique de Saint-Denis,2461,13,Place du Cacquet - 93066,(CHATILLON - MONTROUGE <-> ST-DENIS-UNIVERSITE/LES COURTILLES) - Retour
Saint-Denis - Porte de Paris,2462,13,Stade de France - 93066,(CHATILLON - MONTROUGE <-> ST-DENIS-UNIVERSITE/LES COURTILLES) - Retour
Saint-Fargeau,2463,3B,112 avenue Gambetta - 75120,(PORTE DES LILAS <-> GAMBETTA) - Retour
Saint-François-Xavier,2464,13,Avenue de Villars - 75107,(CHATILLON - MONTROUGE <-> ST-DENIS-UNIVERSITE/LES COURTILLES) - Retour
Saint-Georges,2465,12,Place Saint-Georges - 75109,(MAIRIE D'ISSY <-> FRONT POPULAIRE) - Retour
Saint-Germain des Prés,2466,4,Ecole des Beaux Arts - 75106,(PORTE DE CLIGNANCOURT <-> MAIRIE DE MONTROUGE) - Retour
Saint-Lazare,2467,3,Rue de l' Arcade - 75108,(GALLIENI <-> PONT DE LEVALLOIS - BECON) - Retour
Saint-Lazare,2468,12,Rue de l' Arcade - 75108,(MAIRIE D'ISSY <-> FRONT POPULAIRE) - Retour
Saint-Lazare,2469,13,Rue de l' Arcade - 75108,(CHATILLON - MONTROUGE <-> ST-DENIS-UNIVERSITE/LES COURTILLES) - Retour
Saint-Mandé,2470,1,180 avenue Galliéni - 94067,(CHATEAU DE VINCENNES <-> LA DEFENSE) - Retour
Rue Saint-Maur,2471,3,Avenue de la République - 75111,(GALLIENI <-> PONT DE LEVALLOIS - BECON) - Retour
Saint-Michel,2472,4,Place Saint-Michel - 75105,(PORTE DE CLIGNANCOURT <-> MAIRIE DE MONTROUGE) - Retour
Sèvres-Lecourbe,2475,6,Terre-plein face au 94 boulevard Garibaldi - 75115,(NATION <-> CHARLES DE GAULLE - ETOILE) - Retour
Sèvres-Babylone,2476,10,Square Boucicaut - 75107,(BOULOGNE - PONT DE SAINT CLOUD <-> GARE D'AUSTERLITZ) - Retour
Sèvres-Babylone,2477,12,Square Boucicaut - 75107,(MAIRIE D'ISSY <-> FRONT POPULAIRE) - Retour
Simplon,2478,4,38 boulevard Ornano - 75118,(PORTE DE CLIGNANCOURT <-> MAIRIE DE MONTROUGE) - Retour
Solférino,2479,12,Rue de Solférino - 75107,(MAIRIE D'ISSY <-> FRONT POPULAIRE) - Retour
Stalingrad,2484,2,Bassin de la Villette - 75119,(NATION <-> PORTE DAUPHINE) - Retour
Stalingrad,2485,5,Bassin de la Villette - 75119,(BOBIGNY - PABLO PICASSO <-> PLACE D'ITALIE) - Retour
Stalingrad,2486,7,Bassin de la Villette - 75119,(LA COURNEUVE - 8 MAI 1945 <-> VILLEJUIF-L. ARAGON / MAIRIE D'IVRY) - Retour
Strasbourg-Saint-Denis,2487,4,Porte Saint-Martin - 75102,(PORTE DE CLIGNANCOURT <-> MAIRIE DE MONTROUGE) - Retour
Strasbourg-Saint-Denis,2488,9,Porte Saint-Martin - 75102,(PONT DE SEVRES <-> MAIRIE DE MONTREUIL) - Retour
Sully-Morland,2491,7,Préfecture de Paris - 75104,(LA COURNEUVE - 8 MAI 1945 <-> VILLEJUIF-L. ARAGON / MAIRIE D'IVRY) - Retour
Télégraphe,2492,11,Rue de Belleville - 75120,(MAIRIE DES LILAS <-> CHATELET) - Retour
Temple,2493,3,Rue du Temple - 75103,(GALLIENI <-> PONT DE LEVALLOIS - BECON) - Retour
Ternes,2494,2,Salle Pleyel - 75117,(NATION <-> PORTE DAUPHINE) - Retour
Tolbiac,2495,7,Avenue d'Italie - 75113,(LA COURNEUVE - 8 MAI 1945 <-> VILLEJUIF-L. ARAGON / MAIRIE D'IVRY) - Retour
Trinité-d'Estienne d'Orves,2496,12,50 rue de Chateaudun - 75109,(MAIRIE D'ISSY <-> FRONT POPULAIRE) - Retour
Trocadéro,2497,6,Place du Trocédéro - 75116,(NATION <-> CHARLES DE GAULLE - ETOILE) - Retour
Tuileries,2498,1,210 rue de Rivoli - 75101,(CHATEAU DE VINCENNES <-> LA DEFENSE) - Retour
Vaneau,2500,10,97 rue de Sèvres - 75107,(BOULOGNE - PONT DE SAINT CLOUD <-> GARE D'AUSTERLITZ) - Retour
Vaugirard (Adolphe Chérioux),2501,12,Square de Vergenne - 75115,(MAIRIE D'ISSY <-> FRONT POPULAIRE) - Retour
Vavin,2502,4,108 boulevard du Montparnasse - 75106,(PORTE DE CLIGNANCOURT <-> MAIRIE DE MONTROUGE) - Retour
Victor Hugo,2504,2,4 place Victor Hugo - 75116,(NATION <-> PORTE DAUPHINE) - Retour
Villejuif-Louis Aragon,2505,7,Boulevard Maxime Gorky - 94076,(LA COURNEUVE - 8 MAI 1945 <-> VILLEJUIF-L. ARAGON / MAIRIE D'IVRY) - Retour
Villejuif-Paul Vaillant Couturier (Hôpital Paul Brousse),2506,7,Boulevard Maxime Gorky - 94076,(LA COURNEUVE - 8 MAI 1945 <-> VILLEJUIF-L. ARAGON / MAIRIE D'IVRY) - Retour
Villiers,2509,2,Parc de Monceau - 75117,(NATION <-> PORTE DAUPHINE) - Retour
Villiers,2510,3,Parc de Monceau - 75117,(GALLIENI <-> PONT DE LEVALLOIS - BECON) - Retour
Volontaires,2512,12,25 rue des Volontaires - 75115,(MAIRIE D'ISSY <-> FRONT POPULAIRE) - Retour
Voltaire (Léon Blum),2513,9,Boulevard Voltaire - 75111,(PONT DE SEVRES <-> MAIRIE DE MONTREUIL) - Retour
Wagram,2514,3,Place Monseigneur Loutil - 75117,(GALLIENI <-> PONT DE LEVALLOIS - BECON) - Retour
Trocadéro,2517,9,Place du Trocédéro - 75116,(PONT DE SEVRES <-> MAIRIE DE MONTREUIL) - Retour
Varenne,2518,13,13 boulevard des Invalides - 75107,(CHATILLON - MONTROUGE <-> ST-DENIS-UNIVERSITE/LES COURTILLES) - Retour
Villejuif-Léo Lagrange,2519,7,Rue du Dauphin - 94076,(LA COURNEUVE - 8 MAI 1945 <-> VILLEJUIF-L. ARAGON / MAIRIE D'IVRY) - Retour
Saint-Jacques,2520,6,Terre-plein face au 46 boulevard Saint-Jacques - 75114,(NATION <-> CHARLES DE GAULLE - ETOILE) - Retour
Saint-Marcel,2521,5,La Pitié-Salpêtrière - 75113,(BOBIGNY - PABLO PICASSO <-> PLACE D'ITALIE) - Retour
Saint-Paul (Le Marais),2522,1,Rivoli (terre plein face au 10 rue de) - 75104,(CHATEAU DE VINCENNES <-> LA DEFENSE) - Retour
Quai de la Gare,2524,6,Quai de la Gare - 75113,(NATION <-> CHARLES DE GAULLE - ETOILE) - Retour
Raspail,2525,4,Boulevard Edgard Quinet - 75114,(PORTE DE CLIGNANCOURT <-> MAIRIE DE MONTROUGE) - Retour
Rennes,2526,12,Terre-plein face au 78 boulevard Raspail - 75106,(MAIRIE D'ISSY <-> FRONT POPULAIRE) - Retour
République,2527,9,Av de la République - 75111,(PONT DE SEVRES <-> MAIRIE DE MONTREUIL) - Retour
Place d'Italie,2528,7,Place d' Italie - 75113,(LA COURNEUVE - 8 MAI 1945 <-> VILLEJUIF-L. ARAGON / MAIRIE D'IVRY) - Retour
Place Monge (Jardin des Plantes),2529,7,Arènes de Lutèce - 75105,(LA COURNEUVE - 8 MAI 1945 <-> VILLEJUIF-L. ARAGON / MAIRIE D'IVRY) - Retour
Nation,2531,9,Terre-plein face au 3 place de la Nation - 75112,(PONT DE SEVRES <-> MAIRIE DE MONTREUIL) - Retour
Odéon,2533,10,Carrefour de l' Odéon - 75106,(BOULOGNE - PONT DE SAINT CLOUD <-> GARE D'AUSTERLITZ) - Retour
Marcadet-Poissonniers,2535,4,88 boulevard Barbès - 75118,(PORTE DE CLIGNANCOURT <-> MAIRIE DE MONTROUGE) - Retour
La Fourche,2536,13,Avenue de Clichy - 75117,(CHATILLON - MONTROUGE <-> ST-DENIS-UNIVERSITE/LES COURTILLES) - Retour
La Motte-Picquet-Grenelle,2537,6,Face au 130-113 boulevard de Grenelle - 75115,(NATION <-> CHARLES DE GAULLE - ETOILE) - Retour
Gambetta,2539,3B,Père-Lachaise - 75120,(PORTE DES LILAS <-> GAMBETTA) - Retour
Ségur,2541,10,UNESCO - Miollis - 75115,(BOULOGNE - PONT DE SAINT CLOUD <-> GARE D'AUSTERLITZ) - Retour
Sentier,2542,3,97 rue Réaumur - 75102,(GALLIENI <-> PONT DE LEVALLOIS - BECON) - Retour
Dugommier,2543,6,3 boulevard de Reuilly - 75112,(NATION <-> CHARLES DE GAULLE - ETOILE) - Retour
Champs-Elysées-Clémenceau,2544,1,Clémenceau (place) - 75108,(CHATEAU DE VINCENNES <-> LA DEFENSE) - Retour
Château Landon,2546,7,188 rue du Faubourg Saint-Martin - 75110,(LA COURNEUVE - 8 MAI 1945 <-> VILLEJUIF-L. ARAGON / MAIRIE D'IVRY) - Retour
Barbès-Rochechouart,2547,2,Boulevard de la Chapelle - 75109,(NATION <-> PORTE DAUPHINE) - Retour
Belleville,2548,2,Terre-plein face au 1 boulevard de la Villette - 75119,(NATION <-> PORTE DAUPHINE) - Retour
Billancourt,2549,9,88 bis avenue du Général Leclerc - 92012,(PONT DE SEVRES <-> MAIRIE DE MONTREUIL) - Retour
Bobigny-Pablo-Picasso,2550,5,Préfecture Trésorerie - 93008,(BOBIGNY - PABLO PICASSO <-> PLACE D'ITALIE) - Retour
Porte d'Auteuil,8433,10,Route des Lacs - 75116,(BOULOGNE - PONT DE SAINT CLOUD <-> GARE D'AUSTERLITZ) - Aller
Saint-Denis-Université,140078,13,Gare Routière - 93066,(CHATILLON - MONTROUGE <-> ST-DENIS-UNIVERSITE/LES COURTILLES) - Aller
Saint-Denis-Université,140079,13,Gare Routière - 93066,(CHATILLON - MONTROUGE <-> ST-DENIS-UNIVERSITE/LES COURTILLES) - Retour
République,967988,11,Av de la République - 75111,(MAIRIE DES LILAS <-> CHATELET) - Aller
République,967989,11,Av de la République - 75111,(MAIRIE DES LILAS <-> CHATELET) - Retour
Olympiades,1166824,14,Rue de Tolbiac - 75113,(SAINT-LAZARE <-> OLYMPIADES) - Aller
Olympiades,1166825,14,Rue de Tolbiac - 75113,(SAINT-LAZARE <-> OLYMPIADES) - Retour
Bibliothèque-François Mitterrand,1166826,14,Face au 62 rue du Chevaleret - 75113,(SAINT-LAZARE <-> OLYMPIADES) - Aller
Bibliothèque-François Mitterrand,1166827,14,Face au 62 rue du Chevaleret - 75113,(SAINT-LAZARE <-> OLYMPIADES) - Retour
Cour Saint-Emilion,1166828,14,Rue François Truffaut - 75112,(SAINT-LAZARE <-> OLYMPIADES) - Aller
Cour Saint-Emilion,1166829,14,Rue François Truffaut - 75112,(SAINT-LAZARE <-> OLYMPIADES) - Retour
Bercy,1166830,14,Rue de Bercy - 75112,(SAINT-LAZARE <-> OLYMPIADES) - Aller
Bercy,1166831,14,Rue de Bercy - 75112,(SAINT-LAZARE <-> OLYMPIADES) - Retour
Gare de Lyon,1166832,14,Rue de Bercy - 75112,(SAINT-LAZARE <-> OLYMPIADES) - Aller
Gare de Lyon,1166833,14,Rue de Bercy - 75112,(SAINT-LAZARE <-> OLYMPIADES) - Retour
Châtelet,1166834,14,Théâtre du Châtelet - 75101,(SAINT-LAZARE <-> OLYMPIADES) - Aller
Châtelet,1166835,14,Théâtre du Châtelet - 75101,(SAINT-LAZARE <-> OLYMPIADES) - Retour
Madeleine,1166838,14,Rue De Sèze - 75108,(SAINT-LAZARE <-> OLYMPIADES) - Aller
Madeleine,1166839,14,Rue De Sèze - 75108,(SAINT-LAZARE <-> OLYMPIADES) - Retour
Saint-Lazare,1166840,14,Rue de l' Arcade - 75108,(SAINT-LAZARE <-> OLYMPIADES) - Aller
Saint-Lazare,1166841,14,Rue de l' Arcade - 75108,(SAINT-LAZARE <-> OLYMPIADES) - Retour
Les Agnettes,1662795,13,Angle rue des Bas et Rue Louis Calmel - 92004,(CHATILLON - MONTROUGE <-> ST-DENIS-UNIVERSITE/LES COURTILLES) - Aller
Les Agnettes,1662796,13,Angle rue des Bas et Rue Louis Calmel - 92004,(CHATILLON - MONTROUGE <-> ST-DENIS-UNIVERSITE/LES COURTILLES) - Retour
Asnières-Gennevilliers Les Courtilles,1662797,13,Angle Boulevard Pierre de Coubertin / Avenue Lucien Lanternier - 92004,(CHATILLON - MONTROUGE <-> ST-DENIS-UNIVERSITE/LES COURTILLES) - Aller
Asnières-Gennevilliers Les Courtilles,1662798,13,Angle Boulevard Pierre de Coubertin / Avenue Lucien Lanternier - 92004,(CHATILLON - MONTROUGE <-> ST-DENIS-UNIVERSITE/LES COURTILLES) - Retour
Carrefour-Pleyel,1692060,13,Centre Paris - Pleyel - 93066,(CHATILLON - MONTROUGE <-> ST-DENIS-UNIVERSITE/LES COURTILLES) - Aller
Carrefour-Pleyel,1692061,13,Centre Paris - Pleyel - 93066,(CHATILLON - MONTROUGE <-> ST-DENIS-UNIVERSITE/LES COURTILLES) - Retour
Balard,3343334,8,Rue Louis Armand - 75115,(BALARD <-> POINTE DU LAC) - Aller
Balard,3343335,8,Rue Louis Armand - 75115,(BALARD <-> POINTE DU LAC) - Retour
Lourmel,3343336,8,Avenue Felix Faure - 75115,(BALARD <-> POINTE DU LAC) - Aller
Lourmel,3343337,8,Avenue Felix Faure - 75115,(BALARD <-> POINTE DU LAC) - Retour
Boucicaut,3343338,8,Rue Félix Faure - 75115,(BALARD <-> POINTE DU LAC) - Aller
Boucicaut,3343339,8,Rue Félix Faure - 75115,(BALARD <-> POINTE DU LAC) - Retour
Félix Faure,3343746,8,Place Félix Faure - 75115,(BALARD <-> POINTE DU LAC) - Aller
Félix Faure,3343752,8,Place Félix Faure - 75115,(BALARD <-> POINTE DU LAC) - Retour
Commerce,3343753,8,21 place du Commerce - 75115,(BALARD <-> POINTE DU LAC) - Aller
Commerce,3343754,8,21 place du Commerce - 75115,(BALARD <-> POINTE DU LAC) - Retour
La Motte-Picquet-Grenelle,3343755,8,Face au 130-113 boulevard de Grenelle - 75115,(BALARD <-> POINTE DU LAC) - Aller
La Motte-Picquet-Grenelle,3343756,8,Face au 130-113 boulevard de Grenelle - 75115,(BALARD <-> POINTE DU LAC) - Retour
Ecole Militaire,3343757,8,Avenue Duquesne - 75107,(BALARD <-> POINTE DU LAC) - Aller
Ecole Militaire,3343758,8,Avenue Duquesne - 75107,(BALARD <-> POINTE DU LAC) - Retour
La Tour-Maubourg,3343759,8,Les Invalides Tombeau de l'Empereur - Musée de l'Armée - 75107,(BALARD <-> POINTE DU LAC) - Aller
La Tour-Maubourg,3343760,8,Les Invalides Tombeau de l'Empereur - Musée de l'Armée - 75107,(BALARD <-> POINTE DU LAC) - Retour
Invalides,3343761,8,Rue de l' Université - 75107,(BALARD <-> POINTE DU LAC) - Aller
Invalides,3343762,8,Rue de l' Université - 75107,(BALARD <-> POINTE DU LAC) - Retour
Concorde,3343763,8,Place de la Concorde - 75108,(BALARD <-> POINTE DU LAC) - Aller
Concorde,3343764,8,Place de la Concorde - 75108,(BALARD <-> POINTE DU LAC) - Retour
Madeleine,3343765,8,Rue De Sèze - 75108,(BALARD <-> POINTE DU LAC) - Aller
Madeleine,3343766,8,Rue De Sèze - 75108,(BALARD <-> POINTE DU LAC) - Retour
Opéra,3343767,8,Théâtre National de l'Opéra - 75109,(BALARD <-> POINTE DU LAC) - Aller
Opéra,3343768,8,Théâtre National de l'Opéra - 75109,(BALARD <-> POINTE DU LAC) - Retour
Richelieu-Drouot,3343769,8,Rue Marivaux - 75109,(BALARD <-> POINTE DU LAC) - Aller
Richelieu-Drouot,3343770,8,Rue Marivaux - 75109,(BALARD <-> POINTE DU LAC) - Retour
Grands Boulevards,3343771,8,Musée Grévin - 75109,(BALARD <-> POINTE DU LAC) - Aller
Grands Boulevards,3343772,8,Musée Grévin - 75109,(BALARD <-> POINTE DU LAC) - Retour
Bonne Nouvelle,3343773,8,Boulevard de Bonne Nouvelle - 75109,(BALARD <-> POINTE DU LAC) - Aller
Bonne Nouvelle,3343774,8,Boulevard de Bonne Nouvelle - 75109,(BALARD <-> POINTE DU LAC) - Retour
Strasbourg-Saint-Denis,3343775,8,Porte Saint-Martin - 75102,(BALARD <-> POINTE DU LAC) - Aller
Strasbourg-Saint-Denis,3343776,8,Porte Saint-Martin - 75102,(BALARD <-> POINTE DU LAC) - Retour
République,3343777,8,Av de la République - 75111,(BALARD <-> POINTE DU LAC) - Aller
République,3343778,8,Av de la République - 75111,(BALARD <-> POINTE DU LAC) - Retour
Filles du Calvaire,3343779,8,Musée Picasso - 75103,(BALARD <-> POINTE DU LAC) - Aller
Filles du Calvaire,3343780,8,Musée Picasso - 75103,(BALARD <-> POINTE DU LAC) - Retour
Saint-Sébastien-Froissart,3343781,8,Rue Froissart - 75103,(BALARD <-> POINTE DU LAC) - Aller
Saint-Sébastien-Froissart,3343782,8,Rue Froissart - 75103,(BALARD <-> POINTE DU LAC) - Retour
Chemin Vert,3343783,8,Place des Vosges - 75103,(BALARD <-> POINTE DU LAC) - Aller
Chemin Vert,3343784,8,Place des Vosges - 75103,(BALARD <-> POINTE DU LAC) - Retour
Bastille,3343785,8,Rue de la Roquette - 75104,(BALARD <-> POINTE DU LAC) - Aller
Bastille,3343786,8,Rue de la Roquette - 75104,(BALARD <-> POINTE DU LAC) - Retour
Ledru-Rollin,3343787,8,Rue Traversière - 75112,(BALARD <-> POINTE DU LAC) - Aller
Ledru-Rollin,3343788,8,Rue Traversière - 75112,(BALARD <-> POINTE DU LAC) - Retour
Faidherbe-Chaligny,3343789,8,Hôpital St-Antoine - 75111,(BALARD <-> POINTE DU LAC) - Aller
Faidherbe-Chaligny,3343790,8,Hôpital St-Antoine - 75111,(BALARD <-> POINTE DU LAC) - Retour
Reuilly-Diderot,3343791,8,Boulevard Diderot - 75112,(BALARD <-> POINTE DU LAC) - Aller
Reuilly-Diderot,3343792,8,Boulevard Diderot - 75112,(BALARD <-> POINTE DU LAC) - Retour
Montgallet,3343793,8,68 rue de Reuilly - 75112,(BALARD <-> POINTE DU LAC) - Aller
Montgallet,3343794,8,68 rue de Reuilly - 75112,(BALARD <-> POINTE DU LAC) - Retour
Daumesnil (Félix Eboué),3343795,8,Place Félix Eboué - 75112,(BALARD <-> POINTE DU LAC) - Aller
Daumesnil (Félix Eboué),3343796,8,Place Félix Eboué - 75112,(BALARD <-> POINTE DU LAC) - Retour
Michel Bizot,3343797,8,Avenue Daumesnil - 75112,(BALARD <-> POINTE DU LAC) - Aller
Michel Bizot,3343798,8,Avenue Daumesnil - 75112,(BALARD <-> POINTE DU LAC) - Retour
Porte Dorée,3343799,8,Place Edouard Renard - 75112,(BALARD <-> POINTE DU LAC) - Aller
Porte Dorée,3343800,8,Place Edouard Renard - 75112,(BALARD <-> POINTE DU LAC) - Retour
Porte de Charenton,3343801,8,68 Boulevard Poniatowsky - 75112,(BALARD <-> POINTE DU LAC) - Aller
Porte de Charenton,3343802,8,68 Boulevard Poniatowsky - 75112,(BALARD <-> POINTE DU LAC) - Retour
Liberté,3343803,8,Rue de Paris - 94018,(BALARD <-> POINTE DU LAC) - Aller
Liberté,3343804,8,Rue de Paris - 94018,(BALARD <-> POINTE DU LAC) - Retour
Charenton-Ecoles,3343805,8,Rue de Paris - 94018,(BALARD <-> POINTE DU LAC) - Aller
Charenton-Ecoles,3343806,8,Rue de Paris - 94018,(BALARD <-> POINTE DU LAC) - Retour
Ecole Vétérinaire de Maisons-Alfort,3343807,8,Musée Fragonard - 94046,(BALARD <-> POINTE DU LAC) - Aller
Ecole Vétérinaire de Maisons-Alfort,3343808,8,Musée Fragonard - 94046,(BALARD <-> POINTE DU LAC) - Retour
Maisons-Alfort-Stade,3343809,8,26-28 avenue du Général Leclerc - 94046,(BALARD <-> POINTE DU LAC) - Aller
Maisons-Alfort-Stade,3343810,8,26-28 avenue du Général Leclerc - 94046,(BALARD <-> POINTE DU LAC) - Retour
Maisons-Alfort-Les Juilliottes,3343811,8,Avenue du Général Leclerc - 94046,(BALARD <-> POINTE DU LAC) - Aller
Maisons-Alfort-Les Juilliottes,3343812,8,Avenue du Général Leclerc - 94046,(BALARD <-> POINTE DU LAC) - Retour
Créteil-L'Echat (Hôpital Henri Mondor),3343813,8,Voie Félix Eboué - 94028,(BALARD <-> POINTE DU LAC) - Aller
Créteil-L'Echat (Hôpital Henri Mondor),3343814,8,Voie Félix Eboué - 94028,(BALARD <-> POINTE DU LAC) - Retour
Créteil-Université,3343815,8,Rue Ferdinand de Lesseps - 94028,(BALARD <-> POINTE DU LAC) - Aller
Créteil-Université,3343816,8,Rue Ferdinand de Lesseps - 94028,(BALARD <-> POINTE DU LAC) - Retour
Créteil-Préfecture (Hôtel de Ville),3343817,8,Le Mont-Mesly - 94028,(BALARD <-> POINTE DU LAC) - Aller
Créteil-Préfecture (Hôtel de Ville),3343818,8,Le Mont-Mesly - 94028,(BALARD <-> POINTE DU LAC) - Retour
Pointe du Lac,3343819,8,avenue François Mitterrand - 94028,(BALARD <-> POINTE DU LAC) - Aller
Pointe du Lac,3343825,8,avenue François Mitterrand - 94028,(BALARD <-> POINTE DU LAC) - Retour
Front Populaire,3901291,12,Place du Front Populaire - 93001,(MAIRIE D'ISSY <-> FRONT POPULAIRE) - Aller
Front Populaire,3901292,12,Place du Front Populaire - 93001,(MAIRIE D'ISSY <-> FRONT POPULAIRE) - Retour
Mairie de Montrouge,4028973,4,Rue Louis Rolland - 92049,(PORTE DE CLIGNANCOURT <-> MAIRIE DE MONTROUGE) - Aller
Mairie de Montrouge,4028974,4,Rue Louis Rolland - 92049,(PORTE DE CLIGNANCOURT <-> MAIRIE DE MONTROUGE) - Retour
Pyramides,6129304,14,Rue de l'Echelle - 75101,(SAINT-LAZARE <-> OLYMPIADES) - Aller
Pyramides,6129305,14,Rue de l'Echelle - 75101,(SAINT-LAZARE <-> OLYMPIADES) - Retour
